-- MySQL dump 10.13  Distrib 8.0.26, for Linux (x86_64)
--
-- Host: 127.0.0.1    Database: mybookingservices
-- ------------------------------------------------------
-- Server version	8.0.25

/*!40101 SET @OLD_CHARACTER_SET_CLIENT=@@CHARACTER_SET_CLIENT */;
/*!40101 SET @OLD_CHARACTER_SET_RESULTS=@@CHARACTER_SET_RESULTS */;
/*!40101 SET @OLD_COLLATION_CONNECTION=@@COLLATION_CONNECTION */;
/*!50503 SET NAMES utf8mb4 */;
/*!40103 SET @OLD_TIME_ZONE=@@TIME_ZONE */;
/*!40103 SET TIME_ZONE='+00:00' */;
/*!40014 SET @OLD_UNIQUE_CHECKS=@@UNIQUE_CHECKS, UNIQUE_CHECKS=0 */;
/*!40014 SET @OLD_FOREIGN_KEY_CHECKS=@@FOREIGN_KEY_CHECKS, FOREIGN_KEY_CHECKS=0 */;
/*!40101 SET @OLD_SQL_MODE=@@SQL_MODE, SQL_MODE='NO_AUTO_VALUE_ON_ZERO' */;
/*!40111 SET @OLD_SQL_NOTES=@@SQL_NOTES, SQL_NOTES=0 */;

--
-- Table structure for table `addresses`
--

DROP TABLE IF EXISTS `addresses`;
/*!40101 SET @saved_cs_client     = @@character_set_client */;
/*!50503 SET character_set_client = utf8mb4 */;
CREATE TABLE `addresses` (
  `id` int NOT NULL AUTO_INCREMENT,
  `hotel_id` int DEFAULT NULL,
  `number` varchar(50) DEFAULT NULL,
  `street` varchar(50) DEFAULT NULL,
  `town` varchar(50) DEFAULT NULL,
  `postal_code` int DEFAULT NULL,
  `created_time` timestamp NOT NULL DEFAULT CURRENT_TIMESTAMP,
  `updated_time` timestamp NOT NULL DEFAULT CURRENT_TIMESTAMP ON UPDATE CURRENT_TIMESTAMP,
  PRIMARY KEY (`id`),
  KEY `hotel_id` (`hotel_id`),
  CONSTRAINT `addresses_ibfk_1` FOREIGN KEY (`hotel_id`) REFERENCES `hotels` (`id`)
) ENGINE=InnoDB AUTO_INCREMENT=3 DEFAULT CHARSET=utf8mb4 COLLATE=utf8mb4_0900_ai_ci;
/*!40101 SET character_set_client = @saved_cs_client */;

--
-- Dumping data for table `addresses`
--

LOCK TABLES `addresses` WRITE;
/*!40000 ALTER TABLE `addresses` DISABLE KEYS */;
INSERT INTO `addresses` VALUES (1,1,'16','chemin Antoinette Duval','Gros',23084,'2021-09-05 11:24:31','2021-09-05 11:24:31'),(2,2,'39','boulevard Leclerc','Sainte Matthieuboeuf',91285,'2021-09-05 11:24:31','2021-09-05 11:24:31');
/*!40000 ALTER TABLE `addresses` ENABLE KEYS */;
UNLOCK TABLES;

--
-- Table structure for table `booking`
--

DROP TABLE IF EXISTS `booking`;
/*!40101 SET @saved_cs_client     = @@character_set_client */;
/*!50503 SET character_set_client = utf8mb4 */;
CREATE TABLE `booking` (
  `id` bigint NOT NULL AUTO_INCREMENT,
  `room_id` int DEFAULT NULL,
  `user_id` bigint DEFAULT NULL,
  `capacity_book` int DEFAULT NULL,
  `option` json DEFAULT NULL,
  `order_price` float DEFAULT NULL,
  `booking_start_date` date DEFAULT NULL,
  `booking_end_date` date DEFAULT NULL,
  `created_time` timestamp NOT NULL DEFAULT CURRENT_TIMESTAMP,
  `updated_time` timestamp NOT NULL DEFAULT CURRENT_TIMESTAMP ON UPDATE CURRENT_TIMESTAMP,
  PRIMARY KEY (`id`),
  KEY `room_id` (`room_id`),
  KEY `user_id` (`user_id`),
  CONSTRAINT `booking_ibfk_1` FOREIGN KEY (`room_id`) REFERENCES `rooms` (`id`),
  CONSTRAINT `booking_ibfk_2` FOREIGN KEY (`user_id`) REFERENCES `users` (`id`)
) ENGINE=InnoDB AUTO_INCREMENT=11 DEFAULT CHARSET=utf8mb4 COLLATE=utf8mb4_0900_ai_ci;
/*!40101 SET character_set_client = @saved_cs_client */;

--
-- Dumping data for table `booking`
--

LOCK TABLES `booking` WRITE;
/*!40000 ALTER TABLE `booking` DISABLE KEYS */;
INSERT INTO `booking` VALUES (1,3,54,2,'{\"parking\": 1, \"baby_cot\": 1, \"breakfast\": 1, \"romance_pack\": 1}',1095,'2021-05-21','2021-05-24','2021-09-05 11:24:31','2021-09-05 11:24:31'),(2,7,138,5,'{\"parking\": 1, \"baby_cot\": 1, \"breakfast\": 1, \"romance_pack\": 1}',3055,'2021-05-14','2021-05-17','2021-09-05 11:24:31','2021-09-05 11:24:31'),(3,6,417,1,'{\"parking\": 1, \"baby_cot\": 1, \"breakfast\": 1, \"romance_pack\": 1}',5900,'2021-07-05','2021-07-11','2021-09-05 11:24:31','2021-09-05 11:24:31'),(4,1,342,2,'{\"parking\": 1, \"baby_cot\": 1, \"breakfast\": 1, \"romance_pack\": 1}',933,'2021-07-16','2021-07-17','2021-09-05 11:24:31','2021-09-05 11:24:31'),(5,4,94,2,'{\"parking\": 1, \"baby_cot\": 1, \"breakfast\": 1, \"romance_pack\": 1}',255,'2021-07-19','2021-07-20','2021-09-05 11:24:31','2021-09-05 11:24:31'),(6,2,224,2,'{\"parking\": 1, \"baby_cot\": 1, \"breakfast\": 1, \"romance_pack\": 1}',555,'2021-07-21','2021-07-22','2021-09-05 11:24:31','2021-09-05 11:24:31'),(7,1,78,3,'{\"parking\": 1, \"baby_cot\": 1, \"breakfast\": 1, \"romance_pack\": 1}',2265,'2021-09-18','2021-09-20','2021-09-05 11:24:31','2021-09-05 11:24:31'),(8,4,19,2,'{\"parking\": 1, \"baby_cot\": 1, \"breakfast\": 1, \"romance_pack\": 1}',240,'2021-09-29','2021-09-30','2021-09-05 11:24:31','2021-09-05 11:24:31'),(9,6,318,2,'{\"parking\": 1, \"baby_cot\": 1, \"breakfast\": 1, \"romance_pack\": 1}',2255,'2021-10-08','2021-10-10','2021-09-05 11:24:31','2021-09-05 11:24:31'),(10,3,241,3,'{\"parking\": 1, \"baby_cot\": 1, \"breakfast\": 1, \"romance_pack\": 1}',375,'2021-10-27','2021-10-28','2021-09-05 11:24:31','2021-09-05 11:24:31');
/*!40000 ALTER TABLE `booking` ENABLE KEYS */;
UNLOCK TABLES;

--
-- Table structure for table `calendar`
--

DROP TABLE IF EXISTS `calendar`;
/*!40101 SET @saved_cs_client     = @@character_set_client */;
/*!50503 SET character_set_client = utf8mb4 */;
CREATE TABLE `calendar` (
  `id` int NOT NULL AUTO_INCREMENT,
  `date` date DEFAULT NULL,
  `day` int DEFAULT NULL,
  `day_name` varchar(50) DEFAULT NULL,
  `day_week` int DEFAULT NULL,
  `month_name` varchar(25) DEFAULT NULL,
  `month` int DEFAULT NULL,
  `year` int DEFAULT NULL,
  PRIMARY KEY (`id`)
) ENGINE=InnoDB AUTO_INCREMENT=730 DEFAULT CHARSET=utf8mb4 COLLATE=utf8mb4_0900_ai_ci;
/*!40101 SET character_set_client = @saved_cs_client */;

--
-- Dumping data for table `calendar`
--

LOCK TABLES `calendar` WRITE;
/*!40000 ALTER TABLE `calendar` DISABLE KEYS */;
INSERT INTO `calendar` VALUES (1,'2021-01-01',1,'Friday',5,'January',1,2021),(2,'2021-01-02',2,'Saturday',6,'January',1,2021),(3,'2021-01-03',3,'Sunday',0,'January',1,2021),(4,'2021-01-04',4,'Monday',1,'January',1,2021),(5,'2021-01-05',5,'Tuesday',2,'January',1,2021),(6,'2021-01-06',6,'Wednesday',3,'January',1,2021),(7,'2021-01-07',7,'Thursday',4,'January',1,2021),(8,'2021-01-08',8,'Friday',5,'January',1,2021),(9,'2021-01-09',9,'Saturday',6,'January',1,2021),(10,'2021-01-10',10,'Sunday',0,'January',1,2021),(11,'2021-01-11',11,'Monday',1,'January',1,2021),(12,'2021-01-12',12,'Tuesday',2,'January',1,2021),(13,'2021-01-13',13,'Wednesday',3,'January',1,2021),(14,'2021-01-14',14,'Thursday',4,'January',1,2021),(15,'2021-01-15',15,'Friday',5,'January',1,2021),(16,'2021-01-16',16,'Saturday',6,'January',1,2021),(17,'2021-01-17',17,'Sunday',0,'January',1,2021),(18,'2021-01-18',18,'Monday',1,'January',1,2021),(19,'2021-01-19',19,'Tuesday',2,'January',1,2021),(20,'2021-01-20',20,'Wednesday',3,'January',1,2021),(21,'2021-01-21',21,'Thursday',4,'January',1,2021),(22,'2021-01-22',22,'Friday',5,'January',1,2021),(23,'2021-01-23',23,'Saturday',6,'January',1,2021),(24,'2021-01-24',24,'Sunday',0,'January',1,2021),(25,'2021-01-25',25,'Monday',1,'January',1,2021),(26,'2021-01-26',26,'Tuesday',2,'January',1,2021),(27,'2021-01-27',27,'Wednesday',3,'January',1,2021),(28,'2021-01-28',28,'Thursday',4,'January',1,2021),(29,'2021-01-29',29,'Friday',5,'January',1,2021),(30,'2021-01-30',30,'Saturday',6,'January',1,2021),(31,'2021-01-31',31,'Sunday',0,'January',1,2021),(32,'2021-02-01',1,'Monday',1,'February',2,2021),(33,'2021-02-02',2,'Tuesday',2,'February',2,2021),(34,'2021-02-03',3,'Wednesday',3,'February',2,2021),(35,'2021-02-04',4,'Thursday',4,'February',2,2021),(36,'2021-02-05',5,'Friday',5,'February',2,2021),(37,'2021-02-06',6,'Saturday',6,'February',2,2021),(38,'2021-02-07',7,'Sunday',0,'February',2,2021),(39,'2021-02-08',8,'Monday',1,'February',2,2021),(40,'2021-02-09',9,'Tuesday',2,'February',2,2021),(41,'2021-02-10',10,'Wednesday',3,'February',2,2021),(42,'2021-02-11',11,'Thursday',4,'February',2,2021),(43,'2021-02-12',12,'Friday',5,'February',2,2021),(44,'2021-02-13',13,'Saturday',6,'February',2,2021),(45,'2021-02-14',14,'Sunday',0,'February',2,2021),(46,'2021-02-15',15,'Monday',1,'February',2,2021),(47,'2021-02-16',16,'Tuesday',2,'February',2,2021),(48,'2021-02-17',17,'Wednesday',3,'February',2,2021),(49,'2021-02-18',18,'Thursday',4,'February',2,2021),(50,'2021-02-19',19,'Friday',5,'February',2,2021),(51,'2021-02-20',20,'Saturday',6,'February',2,2021),(52,'2021-02-21',21,'Sunday',0,'February',2,2021),(53,'2021-02-22',22,'Monday',1,'February',2,2021),(54,'2021-02-23',23,'Tuesday',2,'February',2,2021),(55,'2021-02-24',24,'Wednesday',3,'February',2,2021),(56,'2021-02-25',25,'Thursday',4,'February',2,2021),(57,'2021-02-26',26,'Friday',5,'February',2,2021),(58,'2021-02-27',27,'Saturday',6,'February',2,2021),(59,'2021-02-28',28,'Sunday',0,'February',2,2021),(60,'2021-03-01',1,'Monday',1,'March',3,2021),(61,'2021-03-02',2,'Tuesday',2,'March',3,2021),(62,'2021-03-03',3,'Wednesday',3,'March',3,2021),(63,'2021-03-04',4,'Thursday',4,'March',3,2021),(64,'2021-03-05',5,'Friday',5,'March',3,2021),(65,'2021-03-06',6,'Saturday',6,'March',3,2021),(66,'2021-03-07',7,'Sunday',0,'March',3,2021),(67,'2021-03-08',8,'Monday',1,'March',3,2021),(68,'2021-03-09',9,'Tuesday',2,'March',3,2021),(69,'2021-03-10',10,'Wednesday',3,'March',3,2021),(70,'2021-03-11',11,'Thursday',4,'March',3,2021),(71,'2021-03-12',12,'Friday',5,'March',3,2021),(72,'2021-03-13',13,'Saturday',6,'March',3,2021),(73,'2021-03-14',14,'Sunday',0,'March',3,2021),(74,'2021-03-15',15,'Monday',1,'March',3,2021),(75,'2021-03-16',16,'Tuesday',2,'March',3,2021),(76,'2021-03-17',17,'Wednesday',3,'March',3,2021),(77,'2021-03-18',18,'Thursday',4,'March',3,2021),(78,'2021-03-19',19,'Friday',5,'March',3,2021),(79,'2021-03-20',20,'Saturday',6,'March',3,2021),(80,'2021-03-21',21,'Sunday',0,'March',3,2021),(81,'2021-03-22',22,'Monday',1,'March',3,2021),(82,'2021-03-23',23,'Tuesday',2,'March',3,2021),(83,'2021-03-24',24,'Wednesday',3,'March',3,2021),(84,'2021-03-25',25,'Thursday',4,'March',3,2021),(85,'2021-03-26',26,'Friday',5,'March',3,2021),(86,'2021-03-27',27,'Saturday',6,'March',3,2021),(87,'2021-03-28',28,'Sunday',0,'March',3,2021),(88,'2021-03-29',29,'Monday',1,'March',3,2021),(89,'2021-03-30',30,'Tuesday',2,'March',3,2021),(90,'2021-03-31',31,'Wednesday',3,'March',3,2021),(91,'2021-04-01',1,'Thursday',4,'April',4,2021),(92,'2021-04-02',2,'Friday',5,'April',4,2021),(93,'2021-04-03',3,'Saturday',6,'April',4,2021),(94,'2021-04-04',4,'Sunday',0,'April',4,2021),(95,'2021-04-05',5,'Monday',1,'April',4,2021),(96,'2021-04-06',6,'Tuesday',2,'April',4,2021),(97,'2021-04-07',7,'Wednesday',3,'April',4,2021),(98,'2021-04-08',8,'Thursday',4,'April',4,2021),(99,'2021-04-09',9,'Friday',5,'April',4,2021),(100,'2021-04-10',10,'Saturday',6,'April',4,2021),(101,'2021-04-11',11,'Sunday',0,'April',4,2021),(102,'2021-04-12',12,'Monday',1,'April',4,2021),(103,'2021-04-13',13,'Tuesday',2,'April',4,2021),(104,'2021-04-14',14,'Wednesday',3,'April',4,2021),(105,'2021-04-15',15,'Thursday',4,'April',4,2021),(106,'2021-04-16',16,'Friday',5,'April',4,2021),(107,'2021-04-17',17,'Saturday',6,'April',4,2021),(108,'2021-04-18',18,'Sunday',0,'April',4,2021),(109,'2021-04-19',19,'Monday',1,'April',4,2021),(110,'2021-04-20',20,'Tuesday',2,'April',4,2021),(111,'2021-04-21',21,'Wednesday',3,'April',4,2021),(112,'2021-04-22',22,'Thursday',4,'April',4,2021),(113,'2021-04-23',23,'Friday',5,'April',4,2021),(114,'2021-04-24',24,'Saturday',6,'April',4,2021),(115,'2021-04-25',25,'Sunday',0,'April',4,2021),(116,'2021-04-26',26,'Monday',1,'April',4,2021),(117,'2021-04-27',27,'Tuesday',2,'April',4,2021),(118,'2021-04-28',28,'Wednesday',3,'April',4,2021),(119,'2021-04-29',29,'Thursday',4,'April',4,2021),(120,'2021-04-30',30,'Friday',5,'April',4,2021),(121,'2021-05-01',1,'Saturday',6,'May',5,2021),(122,'2021-05-02',2,'Sunday',0,'May',5,2021),(123,'2021-05-03',3,'Monday',1,'May',5,2021),(124,'2021-05-04',4,'Tuesday',2,'May',5,2021),(125,'2021-05-05',5,'Wednesday',3,'May',5,2021),(126,'2021-05-06',6,'Thursday',4,'May',5,2021),(127,'2021-05-07',7,'Friday',5,'May',5,2021),(128,'2021-05-08',8,'Saturday',6,'May',5,2021),(129,'2021-05-09',9,'Sunday',0,'May',5,2021),(130,'2021-05-10',10,'Monday',1,'May',5,2021),(131,'2021-05-11',11,'Tuesday',2,'May',5,2021),(132,'2021-05-12',12,'Wednesday',3,'May',5,2021),(133,'2021-05-13',13,'Thursday',4,'May',5,2021),(134,'2021-05-14',14,'Friday',5,'May',5,2021),(135,'2021-05-15',15,'Saturday',6,'May',5,2021),(136,'2021-05-16',16,'Sunday',0,'May',5,2021),(137,'2021-05-17',17,'Monday',1,'May',5,2021),(138,'2021-05-18',18,'Tuesday',2,'May',5,2021),(139,'2021-05-19',19,'Wednesday',3,'May',5,2021),(140,'2021-05-20',20,'Thursday',4,'May',5,2021),(141,'2021-05-21',21,'Friday',5,'May',5,2021),(142,'2021-05-22',22,'Saturday',6,'May',5,2021),(143,'2021-05-23',23,'Sunday',0,'May',5,2021),(144,'2021-05-24',24,'Monday',1,'May',5,2021),(145,'2021-05-25',25,'Tuesday',2,'May',5,2021),(146,'2021-05-26',26,'Wednesday',3,'May',5,2021),(147,'2021-05-27',27,'Thursday',4,'May',5,2021),(148,'2021-05-28',28,'Friday',5,'May',5,2021),(149,'2021-05-29',29,'Saturday',6,'May',5,2021),(150,'2021-05-30',30,'Sunday',0,'May',5,2021),(151,'2021-05-31',31,'Monday',1,'May',5,2021),(152,'2021-06-01',1,'Tuesday',2,'June',6,2021),(153,'2021-06-02',2,'Wednesday',3,'June',6,2021),(154,'2021-06-03',3,'Thursday',4,'June',6,2021),(155,'2021-06-04',4,'Friday',5,'June',6,2021),(156,'2021-06-05',5,'Saturday',6,'June',6,2021),(157,'2021-06-06',6,'Sunday',0,'June',6,2021),(158,'2021-06-07',7,'Monday',1,'June',6,2021),(159,'2021-06-08',8,'Tuesday',2,'June',6,2021),(160,'2021-06-09',9,'Wednesday',3,'June',6,2021),(161,'2021-06-10',10,'Thursday',4,'June',6,2021),(162,'2021-06-11',11,'Friday',5,'June',6,2021),(163,'2021-06-12',12,'Saturday',6,'June',6,2021),(164,'2021-06-13',13,'Sunday',0,'June',6,2021),(165,'2021-06-14',14,'Monday',1,'June',6,2021),(166,'2021-06-15',15,'Tuesday',2,'June',6,2021),(167,'2021-06-16',16,'Wednesday',3,'June',6,2021),(168,'2021-06-17',17,'Thursday',4,'June',6,2021),(169,'2021-06-18',18,'Friday',5,'June',6,2021),(170,'2021-06-19',19,'Saturday',6,'June',6,2021),(171,'2021-06-20',20,'Sunday',0,'June',6,2021),(172,'2021-06-21',21,'Monday',1,'June',6,2021),(173,'2021-06-22',22,'Tuesday',2,'June',6,2021),(174,'2021-06-23',23,'Wednesday',3,'June',6,2021),(175,'2021-06-24',24,'Thursday',4,'June',6,2021),(176,'2021-06-25',25,'Friday',5,'June',6,2021),(177,'2021-06-26',26,'Saturday',6,'June',6,2021),(178,'2021-06-27',27,'Sunday',0,'June',6,2021),(179,'2021-06-28',28,'Monday',1,'June',6,2021),(180,'2021-06-29',29,'Tuesday',2,'June',6,2021),(181,'2021-06-30',30,'Wednesday',3,'June',6,2021),(182,'2021-07-01',1,'Thursday',4,'July',7,2021),(183,'2021-07-02',2,'Friday',5,'July',7,2021),(184,'2021-07-03',3,'Saturday',6,'July',7,2021),(185,'2021-07-04',4,'Sunday',0,'July',7,2021),(186,'2021-07-05',5,'Monday',1,'July',7,2021),(187,'2021-07-06',6,'Tuesday',2,'July',7,2021),(188,'2021-07-07',7,'Wednesday',3,'July',7,2021),(189,'2021-07-08',8,'Thursday',4,'July',7,2021),(190,'2021-07-09',9,'Friday',5,'July',7,2021),(191,'2021-07-10',10,'Saturday',6,'July',7,2021),(192,'2021-07-11',11,'Sunday',0,'July',7,2021),(193,'2021-07-12',12,'Monday',1,'July',7,2021),(194,'2021-07-13',13,'Tuesday',2,'July',7,2021),(195,'2021-07-14',14,'Wednesday',3,'July',7,2021),(196,'2021-07-15',15,'Thursday',4,'July',7,2021),(197,'2021-07-16',16,'Friday',5,'July',7,2021),(198,'2021-07-17',17,'Saturday',6,'July',7,2021),(199,'2021-07-18',18,'Sunday',0,'July',7,2021),(200,'2021-07-19',19,'Monday',1,'July',7,2021),(201,'2021-07-20',20,'Tuesday',2,'July',7,2021),(202,'2021-07-21',21,'Wednesday',3,'July',7,2021),(203,'2021-07-22',22,'Thursday',4,'July',7,2021),(204,'2021-07-23',23,'Friday',5,'July',7,2021),(205,'2021-07-24',24,'Saturday',6,'July',7,2021),(206,'2021-07-25',25,'Sunday',0,'July',7,2021),(207,'2021-07-26',26,'Monday',1,'July',7,2021),(208,'2021-07-27',27,'Tuesday',2,'July',7,2021),(209,'2021-07-28',28,'Wednesday',3,'July',7,2021),(210,'2021-07-29',29,'Thursday',4,'July',7,2021),(211,'2021-07-30',30,'Friday',5,'July',7,2021),(212,'2021-07-31',31,'Saturday',6,'July',7,2021),(213,'2021-08-01',1,'Sunday',0,'August',8,2021),(214,'2021-08-02',2,'Monday',1,'August',8,2021),(215,'2021-08-03',3,'Tuesday',2,'August',8,2021),(216,'2021-08-04',4,'Wednesday',3,'August',8,2021),(217,'2021-08-05',5,'Thursday',4,'August',8,2021),(218,'2021-08-06',6,'Friday',5,'August',8,2021),(219,'2021-08-07',7,'Saturday',6,'August',8,2021),(220,'2021-08-08',8,'Sunday',0,'August',8,2021),(221,'2021-08-09',9,'Monday',1,'August',8,2021),(222,'2021-08-10',10,'Tuesday',2,'August',8,2021),(223,'2021-08-11',11,'Wednesday',3,'August',8,2021),(224,'2021-08-12',12,'Thursday',4,'August',8,2021),(225,'2021-08-13',13,'Friday',5,'August',8,2021),(226,'2021-08-14',14,'Saturday',6,'August',8,2021),(227,'2021-08-15',15,'Sunday',0,'August',8,2021),(228,'2021-08-16',16,'Monday',1,'August',8,2021),(229,'2021-08-17',17,'Tuesday',2,'August',8,2021),(230,'2021-08-18',18,'Wednesday',3,'August',8,2021),(231,'2021-08-19',19,'Thursday',4,'August',8,2021),(232,'2021-08-20',20,'Friday',5,'August',8,2021),(233,'2021-08-21',21,'Saturday',6,'August',8,2021),(234,'2021-08-22',22,'Sunday',0,'August',8,2021),(235,'2021-08-23',23,'Monday',1,'August',8,2021),(236,'2021-08-24',24,'Tuesday',2,'August',8,2021),(237,'2021-08-25',25,'Wednesday',3,'August',8,2021),(238,'2021-08-26',26,'Thursday',4,'August',8,2021),(239,'2021-08-27',27,'Friday',5,'August',8,2021),(240,'2021-08-28',28,'Saturday',6,'August',8,2021),(241,'2021-08-29',29,'Sunday',0,'August',8,2021),(242,'2021-08-30',30,'Monday',1,'August',8,2021),(243,'2021-08-31',31,'Tuesday',2,'August',8,2021),(244,'2021-09-01',1,'Wednesday',3,'September',9,2021),(245,'2021-09-02',2,'Thursday',4,'September',9,2021),(246,'2021-09-03',3,'Friday',5,'September',9,2021),(247,'2021-09-04',4,'Saturday',6,'September',9,2021),(248,'2021-09-05',5,'Sunday',0,'September',9,2021),(249,'2021-09-06',6,'Monday',1,'September',9,2021),(250,'2021-09-07',7,'Tuesday',2,'September',9,2021),(251,'2021-09-08',8,'Wednesday',3,'September',9,2021),(252,'2021-09-09',9,'Thursday',4,'September',9,2021),(253,'2021-09-10',10,'Friday',5,'September',9,2021),(254,'2021-09-11',11,'Saturday',6,'September',9,2021),(255,'2021-09-12',12,'Sunday',0,'September',9,2021),(256,'2021-09-13',13,'Monday',1,'September',9,2021),(257,'2021-09-14',14,'Tuesday',2,'September',9,2021),(258,'2021-09-15',15,'Wednesday',3,'September',9,2021),(259,'2021-09-16',16,'Thursday',4,'September',9,2021),(260,'2021-09-17',17,'Friday',5,'September',9,2021),(261,'2021-09-18',18,'Saturday',6,'September',9,2021),(262,'2021-09-19',19,'Sunday',0,'September',9,2021),(263,'2021-09-20',20,'Monday',1,'September',9,2021),(264,'2021-09-21',21,'Tuesday',2,'September',9,2021),(265,'2021-09-22',22,'Wednesday',3,'September',9,2021),(266,'2021-09-23',23,'Thursday',4,'September',9,2021),(267,'2021-09-24',24,'Friday',5,'September',9,2021),(268,'2021-09-25',25,'Saturday',6,'September',9,2021),(269,'2021-09-26',26,'Sunday',0,'September',9,2021),(270,'2021-09-27',27,'Monday',1,'September',9,2021),(271,'2021-09-28',28,'Tuesday',2,'September',9,2021),(272,'2021-09-29',29,'Wednesday',3,'September',9,2021),(273,'2021-09-30',30,'Thursday',4,'September',9,2021),(274,'2021-10-01',1,'Friday',5,'October',10,2021),(275,'2021-10-02',2,'Saturday',6,'October',10,2021),(276,'2021-10-03',3,'Sunday',0,'October',10,2021),(277,'2021-10-04',4,'Monday',1,'October',10,2021),(278,'2021-10-05',5,'Tuesday',2,'October',10,2021),(279,'2021-10-06',6,'Wednesday',3,'October',10,2021),(280,'2021-10-07',7,'Thursday',4,'October',10,2021),(281,'2021-10-08',8,'Friday',5,'October',10,2021),(282,'2021-10-09',9,'Saturday',6,'October',10,2021),(283,'2021-10-10',10,'Sunday',0,'October',10,2021),(284,'2021-10-11',11,'Monday',1,'October',10,2021),(285,'2021-10-12',12,'Tuesday',2,'October',10,2021),(286,'2021-10-13',13,'Wednesday',3,'October',10,2021),(287,'2021-10-14',14,'Thursday',4,'October',10,2021),(288,'2021-10-15',15,'Friday',5,'October',10,2021),(289,'2021-10-16',16,'Saturday',6,'October',10,2021),(290,'2021-10-17',17,'Sunday',0,'October',10,2021),(291,'2021-10-18',18,'Monday',1,'October',10,2021),(292,'2021-10-19',19,'Tuesday',2,'October',10,2021),(293,'2021-10-20',20,'Wednesday',3,'October',10,2021),(294,'2021-10-21',21,'Thursday',4,'October',10,2021),(295,'2021-10-22',22,'Friday',5,'October',10,2021),(296,'2021-10-23',23,'Saturday',6,'October',10,2021),(297,'2021-10-24',24,'Sunday',0,'October',10,2021),(298,'2021-10-25',25,'Monday',1,'October',10,2021),(299,'2021-10-26',26,'Tuesday',2,'October',10,2021),(300,'2021-10-27',27,'Wednesday',3,'October',10,2021),(301,'2021-10-28',28,'Thursday',4,'October',10,2021),(302,'2021-10-29',29,'Friday',5,'October',10,2021),(303,'2021-10-30',30,'Saturday',6,'October',10,2021),(304,'2021-10-31',31,'Sunday',0,'October',10,2021),(305,'2021-11-01',1,'Monday',1,'November',11,2021),(306,'2021-11-02',2,'Tuesday',2,'November',11,2021),(307,'2021-11-03',3,'Wednesday',3,'November',11,2021),(308,'2021-11-04',4,'Thursday',4,'November',11,2021),(309,'2021-11-05',5,'Friday',5,'November',11,2021),(310,'2021-11-06',6,'Saturday',6,'November',11,2021),(311,'2021-11-07',7,'Sunday',0,'November',11,2021),(312,'2021-11-08',8,'Monday',1,'November',11,2021),(313,'2021-11-09',9,'Tuesday',2,'November',11,2021),(314,'2021-11-10',10,'Wednesday',3,'November',11,2021),(315,'2021-11-11',11,'Thursday',4,'November',11,2021),(316,'2021-11-12',12,'Friday',5,'November',11,2021),(317,'2021-11-13',13,'Saturday',6,'November',11,2021),(318,'2021-11-14',14,'Sunday',0,'November',11,2021),(319,'2021-11-15',15,'Monday',1,'November',11,2021),(320,'2021-11-16',16,'Tuesday',2,'November',11,2021),(321,'2021-11-17',17,'Wednesday',3,'November',11,2021),(322,'2021-11-18',18,'Thursday',4,'November',11,2021),(323,'2021-11-19',19,'Friday',5,'November',11,2021),(324,'2021-11-20',20,'Saturday',6,'November',11,2021),(325,'2021-11-21',21,'Sunday',0,'November',11,2021),(326,'2021-11-22',22,'Monday',1,'November',11,2021),(327,'2021-11-23',23,'Tuesday',2,'November',11,2021),(328,'2021-11-24',24,'Wednesday',3,'November',11,2021),(329,'2021-11-25',25,'Thursday',4,'November',11,2021),(330,'2021-11-26',26,'Friday',5,'November',11,2021),(331,'2021-11-27',27,'Saturday',6,'November',11,2021),(332,'2021-11-28',28,'Sunday',0,'November',11,2021),(333,'2021-11-29',29,'Monday',1,'November',11,2021),(334,'2021-11-30',30,'Tuesday',2,'November',11,2021),(335,'2021-12-01',1,'Wednesday',3,'December',12,2021),(336,'2021-12-02',2,'Thursday',4,'December',12,2021),(337,'2021-12-03',3,'Friday',5,'December',12,2021),(338,'2021-12-04',4,'Saturday',6,'December',12,2021),(339,'2021-12-05',5,'Sunday',0,'December',12,2021),(340,'2021-12-06',6,'Monday',1,'December',12,2021),(341,'2021-12-07',7,'Tuesday',2,'December',12,2021),(342,'2021-12-08',8,'Wednesday',3,'December',12,2021),(343,'2021-12-09',9,'Thursday',4,'December',12,2021),(344,'2021-12-10',10,'Friday',5,'December',12,2021),(345,'2021-12-11',11,'Saturday',6,'December',12,2021),(346,'2021-12-12',12,'Sunday',0,'December',12,2021),(347,'2021-12-13',13,'Monday',1,'December',12,2021),(348,'2021-12-14',14,'Tuesday',2,'December',12,2021),(349,'2021-12-15',15,'Wednesday',3,'December',12,2021),(350,'2021-12-16',16,'Thursday',4,'December',12,2021),(351,'2021-12-17',17,'Friday',5,'December',12,2021),(352,'2021-12-18',18,'Saturday',6,'December',12,2021),(353,'2021-12-19',19,'Sunday',0,'December',12,2021),(354,'2021-12-20',20,'Monday',1,'December',12,2021),(355,'2021-12-21',21,'Tuesday',2,'December',12,2021),(356,'2021-12-22',22,'Wednesday',3,'December',12,2021),(357,'2021-12-23',23,'Thursday',4,'December',12,2021),(358,'2021-12-24',24,'Friday',5,'December',12,2021),(359,'2021-12-25',25,'Saturday',6,'December',12,2021),(360,'2021-12-26',26,'Sunday',0,'December',12,2021),(361,'2021-12-27',27,'Monday',1,'December',12,2021),(362,'2021-12-28',28,'Tuesday',2,'December',12,2021),(363,'2021-12-29',29,'Wednesday',3,'December',12,2021),(364,'2021-12-30',30,'Thursday',4,'December',12,2021),(365,'2021-12-31',31,'Friday',5,'December',12,2021),(366,'2022-01-01',1,'Saturday',6,'January',1,2022),(367,'2022-01-02',2,'Sunday',0,'January',1,2022),(368,'2022-01-03',3,'Monday',1,'January',1,2022),(369,'2022-01-04',4,'Tuesday',2,'January',1,2022),(370,'2022-01-05',5,'Wednesday',3,'January',1,2022),(371,'2022-01-06',6,'Thursday',4,'January',1,2022),(372,'2022-01-07',7,'Friday',5,'January',1,2022),(373,'2022-01-08',8,'Saturday',6,'January',1,2022),(374,'2022-01-09',9,'Sunday',0,'January',1,2022),(375,'2022-01-10',10,'Monday',1,'January',1,2022),(376,'2022-01-11',11,'Tuesday',2,'January',1,2022),(377,'2022-01-12',12,'Wednesday',3,'January',1,2022),(378,'2022-01-13',13,'Thursday',4,'January',1,2022),(379,'2022-01-14',14,'Friday',5,'January',1,2022),(380,'2022-01-15',15,'Saturday',6,'January',1,2022),(381,'2022-01-16',16,'Sunday',0,'January',1,2022),(382,'2022-01-17',17,'Monday',1,'January',1,2022),(383,'2022-01-18',18,'Tuesday',2,'January',1,2022),(384,'2022-01-19',19,'Wednesday',3,'January',1,2022),(385,'2022-01-20',20,'Thursday',4,'January',1,2022),(386,'2022-01-21',21,'Friday',5,'January',1,2022),(387,'2022-01-22',22,'Saturday',6,'January',1,2022),(388,'2022-01-23',23,'Sunday',0,'January',1,2022),(389,'2022-01-24',24,'Monday',1,'January',1,2022),(390,'2022-01-25',25,'Tuesday',2,'January',1,2022),(391,'2022-01-26',26,'Wednesday',3,'January',1,2022),(392,'2022-01-27',27,'Thursday',4,'January',1,2022),(393,'2022-01-28',28,'Friday',5,'January',1,2022),(394,'2022-01-29',29,'Saturday',6,'January',1,2022),(395,'2022-01-30',30,'Sunday',0,'January',1,2022),(396,'2022-01-31',31,'Monday',1,'January',1,2022),(397,'2022-02-01',1,'Tuesday',2,'February',2,2022),(398,'2022-02-02',2,'Wednesday',3,'February',2,2022),(399,'2022-02-03',3,'Thursday',4,'February',2,2022),(400,'2022-02-04',4,'Friday',5,'February',2,2022),(401,'2022-02-05',5,'Saturday',6,'February',2,2022),(402,'2022-02-06',6,'Sunday',0,'February',2,2022),(403,'2022-02-07',7,'Monday',1,'February',2,2022),(404,'2022-02-08',8,'Tuesday',2,'February',2,2022),(405,'2022-02-09',9,'Wednesday',3,'February',2,2022),(406,'2022-02-10',10,'Thursday',4,'February',2,2022),(407,'2022-02-11',11,'Friday',5,'February',2,2022),(408,'2022-02-12',12,'Saturday',6,'February',2,2022),(409,'2022-02-13',13,'Sunday',0,'February',2,2022),(410,'2022-02-14',14,'Monday',1,'February',2,2022),(411,'2022-02-15',15,'Tuesday',2,'February',2,2022),(412,'2022-02-16',16,'Wednesday',3,'February',2,2022),(413,'2022-02-17',17,'Thursday',4,'February',2,2022),(414,'2022-02-18',18,'Friday',5,'February',2,2022),(415,'2022-02-19',19,'Saturday',6,'February',2,2022),(416,'2022-02-20',20,'Sunday',0,'February',2,2022),(417,'2022-02-21',21,'Monday',1,'February',2,2022),(418,'2022-02-22',22,'Tuesday',2,'February',2,2022),(419,'2022-02-23',23,'Wednesday',3,'February',2,2022),(420,'2022-02-24',24,'Thursday',4,'February',2,2022),(421,'2022-02-25',25,'Friday',5,'February',2,2022),(422,'2022-02-26',26,'Saturday',6,'February',2,2022),(423,'2022-02-27',27,'Sunday',0,'February',2,2022),(424,'2022-02-28',28,'Monday',1,'February',2,2022),(425,'2022-03-01',1,'Tuesday',2,'March',3,2022),(426,'2022-03-02',2,'Wednesday',3,'March',3,2022),(427,'2022-03-03',3,'Thursday',4,'March',3,2022),(428,'2022-03-04',4,'Friday',5,'March',3,2022),(429,'2022-03-05',5,'Saturday',6,'March',3,2022),(430,'2022-03-06',6,'Sunday',0,'March',3,2022),(431,'2022-03-07',7,'Monday',1,'March',3,2022),(432,'2022-03-08',8,'Tuesday',2,'March',3,2022),(433,'2022-03-09',9,'Wednesday',3,'March',3,2022),(434,'2022-03-10',10,'Thursday',4,'March',3,2022),(435,'2022-03-11',11,'Friday',5,'March',3,2022),(436,'2022-03-12',12,'Saturday',6,'March',3,2022),(437,'2022-03-13',13,'Sunday',0,'March',3,2022),(438,'2022-03-14',14,'Monday',1,'March',3,2022),(439,'2022-03-15',15,'Tuesday',2,'March',3,2022),(440,'2022-03-16',16,'Wednesday',3,'March',3,2022),(441,'2022-03-17',17,'Thursday',4,'March',3,2022),(442,'2022-03-18',18,'Friday',5,'March',3,2022),(443,'2022-03-19',19,'Saturday',6,'March',3,2022),(444,'2022-03-20',20,'Sunday',0,'March',3,2022),(445,'2022-03-21',21,'Monday',1,'March',3,2022),(446,'2022-03-22',22,'Tuesday',2,'March',3,2022),(447,'2022-03-23',23,'Wednesday',3,'March',3,2022),(448,'2022-03-24',24,'Thursday',4,'March',3,2022),(449,'2022-03-25',25,'Friday',5,'March',3,2022),(450,'2022-03-26',26,'Saturday',6,'March',3,2022),(451,'2022-03-27',27,'Sunday',0,'March',3,2022),(452,'2022-03-28',28,'Monday',1,'March',3,2022),(453,'2022-03-29',29,'Tuesday',2,'March',3,2022),(454,'2022-03-30',30,'Wednesday',3,'March',3,2022),(455,'2022-03-31',31,'Thursday',4,'March',3,2022),(456,'2022-04-01',1,'Friday',5,'April',4,2022),(457,'2022-04-02',2,'Saturday',6,'April',4,2022),(458,'2022-04-03',3,'Sunday',0,'April',4,2022),(459,'2022-04-04',4,'Monday',1,'April',4,2022),(460,'2022-04-05',5,'Tuesday',2,'April',4,2022),(461,'2022-04-06',6,'Wednesday',3,'April',4,2022),(462,'2022-04-07',7,'Thursday',4,'April',4,2022),(463,'2022-04-08',8,'Friday',5,'April',4,2022),(464,'2022-04-09',9,'Saturday',6,'April',4,2022),(465,'2022-04-10',10,'Sunday',0,'April',4,2022),(466,'2022-04-11',11,'Monday',1,'April',4,2022),(467,'2022-04-12',12,'Tuesday',2,'April',4,2022),(468,'2022-04-13',13,'Wednesday',3,'April',4,2022),(469,'2022-04-14',14,'Thursday',4,'April',4,2022),(470,'2022-04-15',15,'Friday',5,'April',4,2022),(471,'2022-04-16',16,'Saturday',6,'April',4,2022),(472,'2022-04-17',17,'Sunday',0,'April',4,2022),(473,'2022-04-18',18,'Monday',1,'April',4,2022),(474,'2022-04-19',19,'Tuesday',2,'April',4,2022),(475,'2022-04-20',20,'Wednesday',3,'April',4,2022),(476,'2022-04-21',21,'Thursday',4,'April',4,2022),(477,'2022-04-22',22,'Friday',5,'April',4,2022),(478,'2022-04-23',23,'Saturday',6,'April',4,2022),(479,'2022-04-24',24,'Sunday',0,'April',4,2022),(480,'2022-04-25',25,'Monday',1,'April',4,2022),(481,'2022-04-26',26,'Tuesday',2,'April',4,2022),(482,'2022-04-27',27,'Wednesday',3,'April',4,2022),(483,'2022-04-28',28,'Thursday',4,'April',4,2022),(484,'2022-04-29',29,'Friday',5,'April',4,2022),(485,'2022-04-30',30,'Saturday',6,'April',4,2022),(486,'2022-05-01',1,'Sunday',0,'May',5,2022),(487,'2022-05-02',2,'Monday',1,'May',5,2022),(488,'2022-05-03',3,'Tuesday',2,'May',5,2022),(489,'2022-05-04',4,'Wednesday',3,'May',5,2022),(490,'2022-05-05',5,'Thursday',4,'May',5,2022),(491,'2022-05-06',6,'Friday',5,'May',5,2022),(492,'2022-05-07',7,'Saturday',6,'May',5,2022),(493,'2022-05-08',8,'Sunday',0,'May',5,2022),(494,'2022-05-09',9,'Monday',1,'May',5,2022),(495,'2022-05-10',10,'Tuesday',2,'May',5,2022),(496,'2022-05-11',11,'Wednesday',3,'May',5,2022),(497,'2022-05-12',12,'Thursday',4,'May',5,2022),(498,'2022-05-13',13,'Friday',5,'May',5,2022),(499,'2022-05-14',14,'Saturday',6,'May',5,2022),(500,'2022-05-15',15,'Sunday',0,'May',5,2022),(501,'2022-05-16',16,'Monday',1,'May',5,2022),(502,'2022-05-17',17,'Tuesday',2,'May',5,2022),(503,'2022-05-18',18,'Wednesday',3,'May',5,2022),(504,'2022-05-19',19,'Thursday',4,'May',5,2022),(505,'2022-05-20',20,'Friday',5,'May',5,2022),(506,'2022-05-21',21,'Saturday',6,'May',5,2022),(507,'2022-05-22',22,'Sunday',0,'May',5,2022),(508,'2022-05-23',23,'Monday',1,'May',5,2022),(509,'2022-05-24',24,'Tuesday',2,'May',5,2022),(510,'2022-05-25',25,'Wednesday',3,'May',5,2022),(511,'2022-05-26',26,'Thursday',4,'May',5,2022),(512,'2022-05-27',27,'Friday',5,'May',5,2022),(513,'2022-05-28',28,'Saturday',6,'May',5,2022),(514,'2022-05-29',29,'Sunday',0,'May',5,2022),(515,'2022-05-30',30,'Monday',1,'May',5,2022),(516,'2022-05-31',31,'Tuesday',2,'May',5,2022),(517,'2022-06-01',1,'Wednesday',3,'June',6,2022),(518,'2022-06-02',2,'Thursday',4,'June',6,2022),(519,'2022-06-03',3,'Friday',5,'June',6,2022),(520,'2022-06-04',4,'Saturday',6,'June',6,2022),(521,'2022-06-05',5,'Sunday',0,'June',6,2022),(522,'2022-06-06',6,'Monday',1,'June',6,2022),(523,'2022-06-07',7,'Tuesday',2,'June',6,2022),(524,'2022-06-08',8,'Wednesday',3,'June',6,2022),(525,'2022-06-09',9,'Thursday',4,'June',6,2022),(526,'2022-06-10',10,'Friday',5,'June',6,2022),(527,'2022-06-11',11,'Saturday',6,'June',6,2022),(528,'2022-06-12',12,'Sunday',0,'June',6,2022),(529,'2022-06-13',13,'Monday',1,'June',6,2022),(530,'2022-06-14',14,'Tuesday',2,'June',6,2022),(531,'2022-06-15',15,'Wednesday',3,'June',6,2022),(532,'2022-06-16',16,'Thursday',4,'June',6,2022),(533,'2022-06-17',17,'Friday',5,'June',6,2022),(534,'2022-06-18',18,'Saturday',6,'June',6,2022),(535,'2022-06-19',19,'Sunday',0,'June',6,2022),(536,'2022-06-20',20,'Monday',1,'June',6,2022),(537,'2022-06-21',21,'Tuesday',2,'June',6,2022),(538,'2022-06-22',22,'Wednesday',3,'June',6,2022),(539,'2022-06-23',23,'Thursday',4,'June',6,2022),(540,'2022-06-24',24,'Friday',5,'June',6,2022),(541,'2022-06-25',25,'Saturday',6,'June',6,2022),(542,'2022-06-26',26,'Sunday',0,'June',6,2022),(543,'2022-06-27',27,'Monday',1,'June',6,2022),(544,'2022-06-28',28,'Tuesday',2,'June',6,2022),(545,'2022-06-29',29,'Wednesday',3,'June',6,2022),(546,'2022-06-30',30,'Thursday',4,'June',6,2022),(547,'2022-07-01',1,'Friday',5,'July',7,2022),(548,'2022-07-02',2,'Saturday',6,'July',7,2022),(549,'2022-07-03',3,'Sunday',0,'July',7,2022),(550,'2022-07-04',4,'Monday',1,'July',7,2022),(551,'2022-07-05',5,'Tuesday',2,'July',7,2022),(552,'2022-07-06',6,'Wednesday',3,'July',7,2022),(553,'2022-07-07',7,'Thursday',4,'July',7,2022),(554,'2022-07-08',8,'Friday',5,'July',7,2022),(555,'2022-07-09',9,'Saturday',6,'July',7,2022),(556,'2022-07-10',10,'Sunday',0,'July',7,2022),(557,'2022-07-11',11,'Monday',1,'July',7,2022),(558,'2022-07-12',12,'Tuesday',2,'July',7,2022),(559,'2022-07-13',13,'Wednesday',3,'July',7,2022),(560,'2022-07-14',14,'Thursday',4,'July',7,2022),(561,'2022-07-15',15,'Friday',5,'July',7,2022),(562,'2022-07-16',16,'Saturday',6,'July',7,2022),(563,'2022-07-17',17,'Sunday',0,'July',7,2022),(564,'2022-07-18',18,'Monday',1,'July',7,2022),(565,'2022-07-19',19,'Tuesday',2,'July',7,2022),(566,'2022-07-20',20,'Wednesday',3,'July',7,2022),(567,'2022-07-21',21,'Thursday',4,'July',7,2022),(568,'2022-07-22',22,'Friday',5,'July',7,2022),(569,'2022-07-23',23,'Saturday',6,'July',7,2022),(570,'2022-07-24',24,'Sunday',0,'July',7,2022),(571,'2022-07-25',25,'Monday',1,'July',7,2022),(572,'2022-07-26',26,'Tuesday',2,'July',7,2022),(573,'2022-07-27',27,'Wednesday',3,'July',7,2022),(574,'2022-07-28',28,'Thursday',4,'July',7,2022),(575,'2022-07-29',29,'Friday',5,'July',7,2022),(576,'2022-07-30',30,'Saturday',6,'July',7,2022),(577,'2022-07-31',31,'Sunday',0,'July',7,2022),(578,'2022-08-01',1,'Monday',1,'August',8,2022),(579,'2022-08-02',2,'Tuesday',2,'August',8,2022),(580,'2022-08-03',3,'Wednesday',3,'August',8,2022),(581,'2022-08-04',4,'Thursday',4,'August',8,2022),(582,'2022-08-05',5,'Friday',5,'August',8,2022),(583,'2022-08-06',6,'Saturday',6,'August',8,2022),(584,'2022-08-07',7,'Sunday',0,'August',8,2022),(585,'2022-08-08',8,'Monday',1,'August',8,2022),(586,'2022-08-09',9,'Tuesday',2,'August',8,2022),(587,'2022-08-10',10,'Wednesday',3,'August',8,2022),(588,'2022-08-11',11,'Thursday',4,'August',8,2022),(589,'2022-08-12',12,'Friday',5,'August',8,2022),(590,'2022-08-13',13,'Saturday',6,'August',8,2022),(591,'2022-08-14',14,'Sunday',0,'August',8,2022),(592,'2022-08-15',15,'Monday',1,'August',8,2022),(593,'2022-08-16',16,'Tuesday',2,'August',8,2022),(594,'2022-08-17',17,'Wednesday',3,'August',8,2022),(595,'2022-08-18',18,'Thursday',4,'August',8,2022),(596,'2022-08-19',19,'Friday',5,'August',8,2022),(597,'2022-08-20',20,'Saturday',6,'August',8,2022),(598,'2022-08-21',21,'Sunday',0,'August',8,2022),(599,'2022-08-22',22,'Monday',1,'August',8,2022),(600,'2022-08-23',23,'Tuesday',2,'August',8,2022),(601,'2022-08-24',24,'Wednesday',3,'August',8,2022),(602,'2022-08-25',25,'Thursday',4,'August',8,2022),(603,'2022-08-26',26,'Friday',5,'August',8,2022),(604,'2022-08-27',27,'Saturday',6,'August',8,2022),(605,'2022-08-28',28,'Sunday',0,'August',8,2022),(606,'2022-08-29',29,'Monday',1,'August',8,2022),(607,'2022-08-30',30,'Tuesday',2,'August',8,2022),(608,'2022-08-31',31,'Wednesday',3,'August',8,2022),(609,'2022-09-01',1,'Thursday',4,'September',9,2022),(610,'2022-09-02',2,'Friday',5,'September',9,2022),(611,'2022-09-03',3,'Saturday',6,'September',9,2022),(612,'2022-09-04',4,'Sunday',0,'September',9,2022),(613,'2022-09-05',5,'Monday',1,'September',9,2022),(614,'2022-09-06',6,'Tuesday',2,'September',9,2022),(615,'2022-09-07',7,'Wednesday',3,'September',9,2022),(616,'2022-09-08',8,'Thursday',4,'September',9,2022),(617,'2022-09-09',9,'Friday',5,'September',9,2022),(618,'2022-09-10',10,'Saturday',6,'September',9,2022),(619,'2022-09-11',11,'Sunday',0,'September',9,2022),(620,'2022-09-12',12,'Monday',1,'September',9,2022),(621,'2022-09-13',13,'Tuesday',2,'September',9,2022),(622,'2022-09-14',14,'Wednesday',3,'September',9,2022),(623,'2022-09-15',15,'Thursday',4,'September',9,2022),(624,'2022-09-16',16,'Friday',5,'September',9,2022),(625,'2022-09-17',17,'Saturday',6,'September',9,2022),(626,'2022-09-18',18,'Sunday',0,'September',9,2022),(627,'2022-09-19',19,'Monday',1,'September',9,2022),(628,'2022-09-20',20,'Tuesday',2,'September',9,2022),(629,'2022-09-21',21,'Wednesday',3,'September',9,2022),(630,'2022-09-22',22,'Thursday',4,'September',9,2022),(631,'2022-09-23',23,'Friday',5,'September',9,2022),(632,'2022-09-24',24,'Saturday',6,'September',9,2022),(633,'2022-09-25',25,'Sunday',0,'September',9,2022),(634,'2022-09-26',26,'Monday',1,'September',9,2022),(635,'2022-09-27',27,'Tuesday',2,'September',9,2022),(636,'2022-09-28',28,'Wednesday',3,'September',9,2022),(637,'2022-09-29',29,'Thursday',4,'September',9,2022),(638,'2022-09-30',30,'Friday',5,'September',9,2022),(639,'2022-10-01',1,'Saturday',6,'October',10,2022),(640,'2022-10-02',2,'Sunday',0,'October',10,2022),(641,'2022-10-03',3,'Monday',1,'October',10,2022),(642,'2022-10-04',4,'Tuesday',2,'October',10,2022),(643,'2022-10-05',5,'Wednesday',3,'October',10,2022),(644,'2022-10-06',6,'Thursday',4,'October',10,2022),(645,'2022-10-07',7,'Friday',5,'October',10,2022),(646,'2022-10-08',8,'Saturday',6,'October',10,2022),(647,'2022-10-09',9,'Sunday',0,'October',10,2022),(648,'2022-10-10',10,'Monday',1,'October',10,2022),(649,'2022-10-11',11,'Tuesday',2,'October',10,2022),(650,'2022-10-12',12,'Wednesday',3,'October',10,2022),(651,'2022-10-13',13,'Thursday',4,'October',10,2022),(652,'2022-10-14',14,'Friday',5,'October',10,2022),(653,'2022-10-15',15,'Saturday',6,'October',10,2022),(654,'2022-10-16',16,'Sunday',0,'October',10,2022),(655,'2022-10-17',17,'Monday',1,'October',10,2022),(656,'2022-10-18',18,'Tuesday',2,'October',10,2022),(657,'2022-10-19',19,'Wednesday',3,'October',10,2022),(658,'2022-10-20',20,'Thursday',4,'October',10,2022),(659,'2022-10-21',21,'Friday',5,'October',10,2022),(660,'2022-10-22',22,'Saturday',6,'October',10,2022),(661,'2022-10-23',23,'Sunday',0,'October',10,2022),(662,'2022-10-24',24,'Monday',1,'October',10,2022),(663,'2022-10-25',25,'Tuesday',2,'October',10,2022),(664,'2022-10-26',26,'Wednesday',3,'October',10,2022),(665,'2022-10-27',27,'Thursday',4,'October',10,2022),(666,'2022-10-28',28,'Friday',5,'October',10,2022),(667,'2022-10-29',29,'Saturday',6,'October',10,2022),(668,'2022-10-30',30,'Sunday',0,'October',10,2022),(669,'2022-10-31',31,'Monday',1,'October',10,2022),(670,'2022-11-01',1,'Tuesday',2,'November',11,2022),(671,'2022-11-02',2,'Wednesday',3,'November',11,2022),(672,'2022-11-03',3,'Thursday',4,'November',11,2022),(673,'2022-11-04',4,'Friday',5,'November',11,2022),(674,'2022-11-05',5,'Saturday',6,'November',11,2022),(675,'2022-11-06',6,'Sunday',0,'November',11,2022),(676,'2022-11-07',7,'Monday',1,'November',11,2022),(677,'2022-11-08',8,'Tuesday',2,'November',11,2022),(678,'2022-11-09',9,'Wednesday',3,'November',11,2022),(679,'2022-11-10',10,'Thursday',4,'November',11,2022),(680,'2022-11-11',11,'Friday',5,'November',11,2022),(681,'2022-11-12',12,'Saturday',6,'November',11,2022),(682,'2022-11-13',13,'Sunday',0,'November',11,2022),(683,'2022-11-14',14,'Monday',1,'November',11,2022),(684,'2022-11-15',15,'Tuesday',2,'November',11,2022),(685,'2022-11-16',16,'Wednesday',3,'November',11,2022),(686,'2022-11-17',17,'Thursday',4,'November',11,2022),(687,'2022-11-18',18,'Friday',5,'November',11,2022),(688,'2022-11-19',19,'Saturday',6,'November',11,2022),(689,'2022-11-20',20,'Sunday',0,'November',11,2022),(690,'2022-11-21',21,'Monday',1,'November',11,2022),(691,'2022-11-22',22,'Tuesday',2,'November',11,2022),(692,'2022-11-23',23,'Wednesday',3,'November',11,2022),(693,'2022-11-24',24,'Thursday',4,'November',11,2022),(694,'2022-11-25',25,'Friday',5,'November',11,2022),(695,'2022-11-26',26,'Saturday',6,'November',11,2022),(696,'2022-11-27',27,'Sunday',0,'November',11,2022),(697,'2022-11-28',28,'Monday',1,'November',11,2022),(698,'2022-11-29',29,'Tuesday',2,'November',11,2022),(699,'2022-11-30',30,'Wednesday',3,'November',11,2022),(700,'2022-12-01',1,'Thursday',4,'December',12,2022),(701,'2022-12-02',2,'Friday',5,'December',12,2022),(702,'2022-12-03',3,'Saturday',6,'December',12,2022),(703,'2022-12-04',4,'Sunday',0,'December',12,2022),(704,'2022-12-05',5,'Monday',1,'December',12,2022),(705,'2022-12-06',6,'Tuesday',2,'December',12,2022),(706,'2022-12-07',7,'Wednesday',3,'December',12,2022),(707,'2022-12-08',8,'Thursday',4,'December',12,2022),(708,'2022-12-09',9,'Friday',5,'December',12,2022),(709,'2022-12-10',10,'Saturday',6,'December',12,2022),(710,'2022-12-11',11,'Sunday',0,'December',12,2022),(711,'2022-12-12',12,'Monday',1,'December',12,2022),(712,'2022-12-13',13,'Tuesday',2,'December',12,2022),(713,'2022-12-14',14,'Wednesday',3,'December',12,2022),(714,'2022-12-15',15,'Thursday',4,'December',12,2022),(715,'2022-12-16',16,'Friday',5,'December',12,2022),(716,'2022-12-17',17,'Saturday',6,'December',12,2022),(717,'2022-12-18',18,'Sunday',0,'December',12,2022),(718,'2022-12-19',19,'Monday',1,'December',12,2022),(719,'2022-12-20',20,'Tuesday',2,'December',12,2022),(720,'2022-12-21',21,'Wednesday',3,'December',12,2022),(721,'2022-12-22',22,'Thursday',4,'December',12,2022),(722,'2022-12-23',23,'Friday',5,'December',12,2022),(723,'2022-12-24',24,'Saturday',6,'December',12,2022),(724,'2022-12-25',25,'Sunday',0,'December',12,2022),(725,'2022-12-26',26,'Monday',1,'December',12,2022),(726,'2022-12-27',27,'Tuesday',2,'December',12,2022),(727,'2022-12-28',28,'Wednesday',3,'December',12,2022),(728,'2022-12-29',29,'Thursday',4,'December',12,2022),(729,'2022-12-30',30,'Friday',5,'December',12,2022);
/*!40000 ALTER TABLE `calendar` ENABLE KEYS */;
UNLOCK TABLES;

--
-- Table structure for table `hotels`
--

DROP TABLE IF EXISTS `hotels`;
/*!40101 SET @saved_cs_client     = @@character_set_client */;
/*!50503 SET character_set_client = utf8mb4 */;
CREATE TABLE `hotels` (
  `id` int NOT NULL AUTO_INCREMENT,
  `name` varchar(50) DEFAULT NULL,
  `telephone` varchar(20) DEFAULT NULL,
  `website` varchar(100) DEFAULT NULL,
  `description` varchar(100) DEFAULT NULL,
  `owner` varchar(50) DEFAULT NULL,
  `created_time` timestamp NOT NULL DEFAULT CURRENT_TIMESTAMP,
  `updated_time` timestamp NOT NULL DEFAULT CURRENT_TIMESTAMP ON UPDATE CURRENT_TIMESTAMP,
  PRIMARY KEY (`id`)
) ENGINE=InnoDB AUTO_INCREMENT=3 DEFAULT CHARSET=utf8mb4 COLLATE=utf8mb4_0900_ai_ci;
/*!40101 SET character_set_client = @saved_cs_client */;

--
-- Dumping data for table `hotels`
--

LOCK TABLES `hotels` WRITE;
/*!40000 ALTER TABLE `hotels` DISABLE KEYS */;
INSERT INTO `hotels` VALUES (1,'Carlton','02 55 03 05 09','https://www.de.com/explore/wp-content/search/privacy.asp','Le pouvoir d\'évoluer naturellement','Geneviève Rolland-Carre','2021-09-05 11:24:31','2021-09-05 11:24:31'),(2,'Lutetia','08 02 62 56 98','http://vincent.fr/','La liberté d\'avancer avant-tout','Cécile Lecomte Le Bigot','2021-09-05 11:24:31','2021-09-05 11:24:31');
/*!40000 ALTER TABLE `hotels` ENABLE KEYS */;
UNLOCK TABLES;

--
-- Table structure for table `options`
--

DROP TABLE IF EXISTS `options`;
/*!40101 SET @saved_cs_client     = @@character_set_client */;
/*!50503 SET character_set_client = utf8mb4 */;
CREATE TABLE `options` (
  `id` int NOT NULL AUTO_INCREMENT,
  `name` varchar(100) DEFAULT NULL,
  `price` float DEFAULT NULL,
  `created_time` timestamp NOT NULL DEFAULT CURRENT_TIMESTAMP,
  `updated_time` timestamp NOT NULL DEFAULT CURRENT_TIMESTAMP ON UPDATE CURRENT_TIMESTAMP,
  PRIMARY KEY (`id`)
) ENGINE=InnoDB AUTO_INCREMENT=5 DEFAULT CHARSET=utf8mb4 COLLATE=utf8mb4_0900_ai_ci;
/*!40101 SET character_set_client = @saved_cs_client */;

--
-- Dumping data for table `options`
--

LOCK TABLES `options` WRITE;
/*!40000 ALTER TABLE `options` DISABLE KEYS */;
INSERT INTO `options` VALUES (1,'Parking',25,'2021-09-05 11:24:31','2021-09-05 11:24:31'),(2,'Baby cot',0,'2021-09-05 11:24:31','2021-09-05 11:24:31'),(3,'Romance pack',50,'2021-09-05 11:24:31','2021-09-05 11:24:31'),(4,'Breakfast',30,'2021-09-05 11:24:31','2021-09-05 11:24:31');
/*!40000 ALTER TABLE `options` ENABLE KEYS */;
UNLOCK TABLES;

--
-- Table structure for table `price_policies`
--

DROP TABLE IF EXISTS `price_policies`;
/*!40101 SET @saved_cs_client     = @@character_set_client */;
/*!50503 SET character_set_client = utf8mb4 */;
CREATE TABLE `price_policies` (
  `id` int NOT NULL AUTO_INCREMENT,
  `room_id` int DEFAULT NULL,
  `name` varchar(100) DEFAULT NULL,
  `price_policy_type` int DEFAULT NULL,
  `room_majoration` float DEFAULT NULL,
  `day_number` int DEFAULT NULL,
  `capacity_limit` int DEFAULT NULL,
  `majoration_start_date` datetime DEFAULT NULL,
  `majoration_end_date` datetime DEFAULT NULL,
  `is_default` tinyint(1) NOT NULL,
  `created_time` timestamp NOT NULL DEFAULT CURRENT_TIMESTAMP,
  `updated_time` timestamp NOT NULL DEFAULT CURRENT_TIMESTAMP ON UPDATE CURRENT_TIMESTAMP,
  PRIMARY KEY (`id`),
  KEY `room_id` (`room_id`),
  CONSTRAINT `price_policies_ibfk_1` FOREIGN KEY (`room_id`) REFERENCES `rooms` (`id`)
) ENGINE=InnoDB AUTO_INCREMENT=36 DEFAULT CHARSET=utf8mb4 COLLATE=utf8mb4_0900_ai_ci;
/*!40101 SET character_set_client = @saved_cs_client */;

--
-- Dumping data for table `price_policies`
--

LOCK TABLES `price_policies` WRITE;
/*!40000 ALTER TABLE `price_policies` DISABLE KEYS */;
INSERT INTO `price_policies` VALUES (1,1,'Wednesday Minoration',1,-10,3,NULL,NULL,NULL,1,'2021-09-05 11:24:31','2021-09-05 11:24:31'),(2,1,'Thursday Minoration',1,-10,4,NULL,NULL,NULL,1,'2021-09-05 11:24:31','2021-09-05 11:24:31'),(3,1,'Friday Majoration',1,15,5,NULL,NULL,NULL,1,'2021-09-05 11:24:31','2021-09-05 11:24:31'),(4,1,'Saturday Majoration',1,15,6,NULL,NULL,NULL,1,'2021-09-05 11:24:31','2021-09-05 11:24:31'),(5,2,'Wednesday Minoration',1,-10,3,NULL,NULL,NULL,1,'2021-09-05 11:24:31','2021-09-05 11:24:31'),(6,2,'Thursday Minoration',1,-10,4,NULL,NULL,NULL,1,'2021-09-05 11:24:31','2021-09-05 11:24:31'),(7,2,'Friday Majoration',1,15,5,NULL,NULL,NULL,1,'2021-09-05 11:24:31','2021-09-05 11:24:31'),(8,2,'Saturday Majoration',1,15,6,NULL,NULL,NULL,1,'2021-09-05 11:24:31','2021-09-05 11:24:31'),(9,3,'Wednesday Minoration',1,-10,3,NULL,NULL,NULL,1,'2021-09-05 11:24:31','2021-09-05 11:24:31'),(10,3,'Thursday Minoration',1,-10,4,NULL,NULL,NULL,1,'2021-09-05 11:24:31','2021-09-05 11:24:31'),(11,3,'Friday Majoration',1,15,5,NULL,NULL,NULL,1,'2021-09-05 11:24:31','2021-09-05 11:24:31'),(12,3,'Saturday Majoration',1,15,6,NULL,NULL,NULL,1,'2021-09-05 11:24:31','2021-09-05 11:24:31'),(13,4,'Wednesday Minoration',1,-10,3,NULL,NULL,NULL,1,'2021-09-05 11:24:31','2021-09-05 11:24:31'),(14,4,'Thursday Minoration',1,-10,4,NULL,NULL,NULL,1,'2021-09-05 11:24:31','2021-09-05 11:24:31'),(15,4,'Friday Majoration',1,15,5,NULL,NULL,NULL,1,'2021-09-05 11:24:31','2021-09-05 11:24:31'),(16,4,'Saturday Majoration',1,15,6,NULL,NULL,NULL,1,'2021-09-05 11:24:31','2021-09-05 11:24:31'),(17,5,'Wednesday Minoration',1,-10,3,NULL,NULL,NULL,1,'2021-09-05 11:24:31','2021-09-05 11:24:31'),(18,5,'Thursday Minoration',1,-10,4,NULL,NULL,NULL,1,'2021-09-05 11:24:31','2021-09-05 11:24:31'),(19,5,'Friday Majoration',1,15,5,NULL,NULL,NULL,1,'2021-09-05 11:24:31','2021-09-05 11:24:31'),(20,5,'Saturday Majoration',1,15,6,NULL,NULL,NULL,1,'2021-09-05 11:24:31','2021-09-05 11:24:31'),(21,6,'Wednesday Minoration',1,-10,3,NULL,NULL,NULL,1,'2021-09-05 11:24:31','2021-09-05 11:24:31'),(22,6,'Thursday Minoration',1,-10,4,NULL,NULL,NULL,1,'2021-09-05 11:24:31','2021-09-05 11:24:31'),(23,6,'Friday Majoration',1,15,5,NULL,NULL,NULL,1,'2021-09-05 11:24:31','2021-09-05 11:24:31'),(24,6,'Saturday Majoration',1,15,6,NULL,NULL,NULL,1,'2021-09-05 11:24:31','2021-09-05 11:24:31'),(25,7,'Wednesday Minoration',1,-10,3,NULL,NULL,NULL,1,'2021-09-05 11:24:31','2021-09-05 11:24:31'),(26,7,'Thursday Minoration',1,-10,4,NULL,NULL,NULL,1,'2021-09-05 11:24:31','2021-09-05 11:24:31'),(27,7,'Friday Majoration',1,15,5,NULL,NULL,NULL,1,'2021-09-05 11:24:31','2021-09-05 11:24:31'),(28,7,'Saturday Majoration',1,15,6,NULL,NULL,NULL,1,'2021-09-05 11:24:31','2021-09-05 11:24:31'),(29,1,'Capacity Minoration',2,-5,NULL,1,NULL,NULL,1,'2021-09-05 11:24:31','2021-09-05 11:24:31'),(30,2,'Capacity Minoration',2,-5,NULL,1,NULL,NULL,1,'2021-09-05 11:24:31','2021-09-05 11:24:31'),(31,3,'Capacity Minoration',2,-5,NULL,1,NULL,NULL,1,'2021-09-05 11:24:31','2021-09-05 11:24:31'),(32,4,'Capacity Minoration',2,-5,NULL,1,NULL,NULL,1,'2021-09-05 11:24:31','2021-09-05 11:24:31'),(33,5,'Capacity Minoration',2,-5,NULL,1,NULL,NULL,1,'2021-09-05 11:24:31','2021-09-05 11:24:31'),(34,6,'Capacity Minoration',2,-5,NULL,1,NULL,NULL,1,'2021-09-05 11:24:31','2021-09-05 11:24:31'),(35,7,'Capacity Minoration',2,-5,NULL,1,NULL,NULL,1,'2021-09-05 11:24:31','2021-09-05 11:24:31');
/*!40000 ALTER TABLE `price_policies` ENABLE KEYS */;
UNLOCK TABLES;

--
-- Table structure for table `rooms`
--

DROP TABLE IF EXISTS `rooms`;
/*!40101 SET @saved_cs_client     = @@character_set_client */;
/*!50503 SET character_set_client = utf8mb4 */;
CREATE TABLE `rooms` (
  `id` int NOT NULL AUTO_INCREMENT,
  `hotel_id` int DEFAULT NULL,
  `room` varchar(50) DEFAULT NULL,
  `capacity` int DEFAULT NULL,
  `price` float DEFAULT NULL,
  `created_time` timestamp NOT NULL DEFAULT CURRENT_TIMESTAMP,
  `updated_time` timestamp NOT NULL DEFAULT CURRENT_TIMESTAMP ON UPDATE CURRENT_TIMESTAMP,
  PRIMARY KEY (`id`),
  KEY `hotel_id` (`hotel_id`),
  CONSTRAINT `rooms_ibfk_1` FOREIGN KEY (`hotel_id`) REFERENCES `hotels` (`id`)
) ENGINE=InnoDB AUTO_INCREMENT=8 DEFAULT CHARSET=utf8mb4 COLLATE=utf8mb4_0900_ai_ci;
/*!40101 SET character_set_client = @saved_cs_client */;

--
-- Dumping data for table `rooms`
--

LOCK TABLES `rooms` WRITE;
/*!40000 ALTER TABLE `rooms` DISABLE KEYS */;
INSERT INTO `rooms` VALUES (1,1,'S',3,720,'2021-09-05 11:24:31','2021-09-05 11:24:31'),(2,1,'JS',2,500,'2021-09-05 11:24:31','2021-09-05 11:24:31'),(3,1,'CD',2,300,'2021-09-05 11:24:31','2021-09-05 11:24:31'),(4,1,'CS',2,150,'2021-09-05 11:24:31','2021-09-05 11:24:31'),(5,1,'CS',2,150,'2021-09-05 11:24:31','2021-09-05 11:24:31'),(6,2,'SR',5,1000,'2021-09-05 11:24:31','2021-09-05 11:24:31'),(7,2,'SR',5,1000,'2021-09-05 11:24:31','2021-09-05 11:24:31');
/*!40000 ALTER TABLE `rooms` ENABLE KEYS */;
UNLOCK TABLES;

--
-- Table structure for table `users`
--

DROP TABLE IF EXISTS `users`;
/*!40101 SET @saved_cs_client     = @@character_set_client */;
/*!50503 SET character_set_client = utf8mb4 */;
CREATE TABLE `users` (
  `id` bigint NOT NULL AUTO_INCREMENT,
  `first_name` varchar(50) DEFAULT NULL,
  `last_name` varchar(50) DEFAULT NULL,
  `role` varchar(10) DEFAULT NULL,
  `email` varchar(50) DEFAULT NULL,
  `telephone` varchar(20) DEFAULT NULL,
  `username` varchar(50) DEFAULT NULL,
  `password` varchar(70) DEFAULT NULL,
  `created_time` timestamp NOT NULL DEFAULT CURRENT_TIMESTAMP,
  `updated_time` timestamp NOT NULL DEFAULT CURRENT_TIMESTAMP ON UPDATE CURRENT_TIMESTAMP,
  PRIMARY KEY (`id`)
) ENGINE=InnoDB AUTO_INCREMENT=501 DEFAULT CHARSET=utf8mb4 COLLATE=utf8mb4_0900_ai_ci;
/*!40101 SET character_set_client = @saved_cs_client */;

--
-- Dumping data for table `users`
--

LOCK TABLES `users` WRITE;
/*!40000 ALTER TABLE `users` DISABLE KEYS */;
INSERT INTO `users` VALUES (1,'Emmanuelle','Delaunay','ADMIN','admin0@mybooking.services','0424716847',NULL,'6978b376933decb45d84cfc58b2efae40e9ae650b7e3046e072640a6','2021-09-05 11:24:31','2021-09-05 11:24:31'),(2,'Margaud','Morvan','ADMIN','admin1@mybooking.services','0290901110',NULL,'bb5876d28984c4b68347fc00be97b089d01866d9945658ac1ff09ae5','2021-09-05 11:24:31','2021-09-05 11:24:31'),(3,'Luc','Merle','USER','paulhugues@live.com','+33 (0)1 47 26 15 64',NULL,'5e36a41579c98f323baf25a17957ef783a1668509b08de415d456090','2021-09-05 11:24:31','2021-09-05 11:24:31'),(4,'Margot','Berthelot','USER','valentinedijoux@ifrance.com','+33 1 83 26 33 27',NULL,'25ccf49fb8bfd3d503fbb0b34bc042fb76b726379962975e20852eb9','2021-09-05 11:24:31','2021-09-05 11:24:31'),(5,'Nathalie','Benard','USER','paulettebigot@voila.fr','02 68 92 72 00',NULL,'df446afd8093c2aca8fe8430b9bce58b1f5d7f719085139aa111f35c','2021-09-05 11:24:31','2021-09-05 11:24:31'),(6,'Simone','Petit','USER','boulayjeanne@sfr.fr','+33 (0)4 76 92 39 80',NULL,'7a474e818476b5f088f0ee6199a07fd14e2d07f9c9302202a7d22c3f','2021-09-05 11:24:31','2021-09-05 11:24:31'),(7,'Nicolas','Chretien','USER','sebastien36@yahoo.fr','0802460136',NULL,'159980e0befc5918f4d9595e4aebb47dfde855d5f83ae09eec39fad9','2021-09-05 11:24:31','2021-09-05 11:24:31'),(8,'Léon','Grenier','USER','marechalpenelope@yahoo.fr','+33 2 10 64 85 48',NULL,'90eb97d0a540de7828ef312413b7d0be38ef784b05c3e2328bedc61e','2021-09-05 11:24:31','2021-09-05 11:24:31'),(9,'Charlotte','De Sousa','USER','loiseaupierre@bouygtel.fr','0580393325',NULL,'1526ccda76aa9f03b54b9bf564a5946752d68fd2c1cb724d7c5504af','2021-09-05 11:24:31','2021-09-05 11:24:31'),(10,'Thierry','Marty','USER','sabine54@voila.fr','+33 (0)1 00 14 40 22',NULL,'4d2c5d8229fed3db399c29b140f891a1c134fb19b764372e1739d101','2021-09-05 11:24:31','2021-09-05 11:24:31'),(11,'Marie','Meunier','USER','bgros@club-internet.fr','+33 (0)3 90 26 50 09',NULL,'5d45433a6473f1a56bf16079751061d9c4b3316f50a4e3f6d800134d','2021-09-05 11:24:31','2021-09-05 11:24:31'),(12,'Nath','De Oliveira','USER','oliviermarchal@voila.fr','+33 2 90 20 09 10',NULL,'6ee63cfd7cdad04999e163e4f137b96b98dda26e7de33502473a45fe','2021-09-05 11:24:31','2021-09-05 11:24:31'),(13,'Philippe','Garcia','USER','alegros@hotmail.fr','0486669328',NULL,'aa9893d9674dddc8ff0f48bcada28b402893bd25aee85c2ea7499ece','2021-09-05 11:24:31','2021-09-05 11:24:31'),(14,'Manon','Gillet','USER','susanbigot@bouygtel.fr','+33 (0)5 41 47 96 70',NULL,'0ac3ab9535ff8288c8b074da96acc5fd3d571127c7d9a33090c348db','2021-09-05 11:24:31','2021-09-05 11:24:31'),(15,'Juliette','Lucas','USER','alexandreroche@ifrance.com','01 11 38 47 93',NULL,'9926d25a7b130a0af9f7aaf182ec6fee0cabce33e1e21e72f7950856','2021-09-05 11:24:31','2021-09-05 11:24:31'),(16,'Camille','Meunier','USER','ldupuy@hotmail.fr','06 56 58 58 11',NULL,'bd958862ec00b99a5a097494386a269f7adf6434aa203094a5751bb6','2021-09-05 11:24:31','2021-09-05 11:24:31'),(17,'Suzanne','Maurice','USER','alexandreadam@live.com','0692187085',NULL,'90ad1fc9558debadd7f2cf5ff6096c6d879ff3cfca61e8f73e91b91d','2021-09-05 11:24:31','2021-09-05 11:24:31'),(18,'Élise','Masson','USER','lemaireedouard@laposte.net','+33 4 97 62 68 19',NULL,'e9c15fca92a7c8a677309abb14bb538833c2ac3848753e210b116ece','2021-09-05 11:24:31','2021-09-05 11:24:31'),(19,'Luce','Peron','USER','blotalfred@bouygtel.fr','05 07 00 89 63',NULL,'795331faf49387bb113a5a400a37c982c35036710f4823dd0de232a3','2021-09-05 11:24:31','2021-09-05 11:24:31'),(20,'Franck','Blot','USER','suzannefaure@dbmail.com','+33 2 62 45 60 74',NULL,'7fabcac5a70233f4d3ab394c3260632a7cdf96287577797376c06b72','2021-09-05 11:24:31','2021-09-05 11:24:31'),(21,'Timothée','Alves','USER','michaudvalentine@tele2.fr','0389952509',NULL,'a00c28c3516bacc169add95e9d29b76640882ece11f48aa92b04b9ab','2021-09-05 11:24:31','2021-09-05 11:24:31'),(22,'Léon','Masse','USER','rcarlier@dbmail.com','+33 3 27 25 94 19',NULL,'2c9f2f906fccb2d04f1b702eb3693d52780e48d2736b2337c4959307','2021-09-05 11:24:31','2021-09-05 11:24:31'),(23,'Henri','Bodin','USER','robertbertrand@live.com','04 49 80 33 01',NULL,'83a3e2a80b422b06658067d18184b9cdd05910e922ba7ad4b2a3f967','2021-09-05 11:24:31','2021-09-05 11:24:31'),(24,'Corinne','Dumont','USER','umahe@ifrance.com','+33 (0)3 58 17 46 50',NULL,'80c549790976e19e97274d102bbd1cbef29220802d8082139459636b','2021-09-05 11:24:31','2021-09-05 11:24:31'),(25,'Adélaïde','Coste','USER','margot57@tiscali.fr','+33 (0)1 50 87 84 44',NULL,'c7dd51e14f120541f33d3a8f4d084d9f8a8e33cab26e0fe2527f0172','2021-09-05 11:24:31','2021-09-05 11:24:31'),(26,'Geneviève','Paris','USER','sebastienmarie@orange.fr','0139866775',NULL,'6012014e491eead484aed5f4e409ef29a44fd527660619169f931d71','2021-09-05 11:24:31','2021-09-05 11:24:31'),(27,'Alexandria','Lopes','USER','techeraugustin@yahoo.fr','0403925354',NULL,'941290ea132c9d975ed7488bf134ea9a816793d0d7dc22cf4cebee8a','2021-09-05 11:24:31','2021-09-05 11:24:31'),(28,'Alain','Regnier','USER','odetteleroy@noos.fr','0126038737',NULL,'00f5f69f706189b32d30877a8de3d6c204bee514a98b9af3b2bb33e0','2021-09-05 11:24:31','2021-09-05 11:24:31'),(29,'Isaac','Barbier','USER','noemi68@club-internet.fr','+33 (0)2 25 82 01 24',NULL,'927f395f44d2b2dd52a9fb95b309463cfa7847454f94737a5b1797de','2021-09-05 11:24:31','2021-09-05 11:24:31'),(30,'Jacques','Bailly','USER','edelorme@orange.fr','0614368713',NULL,'06b065580e0a983eb9c27d5f49516106d6e4f8cb8bcfcb9ff546940f','2021-09-05 11:24:31','2021-09-05 11:24:31'),(31,'Isaac','Samson','USER','claude87@tiscali.fr','05 21 04 99 35',NULL,'53fe2f1d8b759e7eb7cae0fd3c4cf43c3c7e11336625355a2ffb8dd7','2021-09-05 11:24:31','2021-09-05 11:24:31'),(32,'Émilie','Dias','USER','aureliebodin@hotmail.fr','+33 8 07 07 95 26',NULL,'be5418b526affd8cadacbd53e99a18af69a47e8228571f5f3db9cb79','2021-09-05 11:24:31','2021-09-05 11:24:31'),(33,'Paulette','Techer','USER','huetjeannine@live.com','+33 4 60 89 02 23',NULL,'8f337787555e99c5d0b3d9b2894dce05c5fef6c2f843f90c4328467d','2021-09-05 11:24:31','2021-09-05 11:24:31'),(34,'Joséphine','Roche','USER','emilie47@tiscali.fr','01 71 68 87 02',NULL,'a1975ca24c2a86a7fb7b4d4f349dd369df1d96564fb555356080df3d','2021-09-05 11:24:31','2021-09-05 11:24:31'),(35,'Inès','Munoz','USER','odette99@dbmail.com','+33 (0)4 46 37 41 02',NULL,'db78914f60b900285d12f0544671152ea5fbb627f9ee3ed656a0815c','2021-09-05 11:24:31','2021-09-05 11:24:31'),(36,'Auguste','Lebrun','USER','dijouxemile@orange.fr','04 33 99 82 24',NULL,'7723fff1000cef51420c56f55e780f7916ba1475b86628b5c436f136','2021-09-05 11:24:31','2021-09-05 11:24:31'),(37,'Antoine','Benoit','USER','dmary@voila.fr','+33 1 75 69 63 66',NULL,'e9e0382d601bca759a311f80e9843ee31e3fb02c3fbc68a22ac5c190','2021-09-05 11:24:31','2021-09-05 11:24:31'),(38,'Bertrand','Albert','USER','michelle49@sfr.fr','+33 1 77 10 71 52',NULL,'f13c31e795a89f386bf7f79cb5e2ba17fcc948f17d60575422e444b8','2021-09-05 11:24:31','2021-09-05 11:24:31'),(39,'Émilie','Charrier','USER','martinhebert@free.fr','+33 6 35 76 84 45',NULL,'54d0feab7b27b7cee43873703a82fbcfb250692d91cce704eae3f348','2021-09-05 11:24:31','2021-09-05 11:24:31'),(40,'François','Barbe','USER','vlebrun@dbmail.com','0688863909',NULL,'b1f9310f9646ff63b46ef2e312efab959f15b76bae587894475dcd88','2021-09-05 11:24:31','2021-09-05 11:24:31'),(41,'Patricia','Lagarde','USER','emilie09@voila.fr','0664865190',NULL,'37622fcdab091a96409494e44c72b2f08731b33432476c5694b31f86','2021-09-05 11:24:31','2021-09-05 11:24:31'),(42,'Virginie','Delaunay','USER','claudineboyer@bouygtel.fr','0107528960',NULL,'c4b08ebc994440e746fa0fdfe0ecd281f0c701f13f66caebc4e16887','2021-09-05 11:24:31','2021-09-05 11:24:31'),(43,'Élodie','Renault','USER','mauryalex@club-internet.fr','+33 1 15 28 03 96',NULL,'3f8a8b3e193ccd64bfe4753c05afbbfda5c6638f691e0e84cd67695b','2021-09-05 11:24:31','2021-09-05 11:24:31'),(44,'Raymond','Pelletier','USER','clercmartine@bouygtel.fr','0246764572',NULL,'20f57dd8364de8e91dd6e86cf7b74038b0db5cca6f95aa842e0ef5ec','2021-09-05 11:24:31','2021-09-05 11:24:31'),(45,'Marianne','Charles','USER','tpotier@club-internet.fr','0370209764',NULL,'76c74d0e47b96f8ead4b047ea9fcd3ac30b758690adbac8f8c61903e','2021-09-05 11:24:31','2021-09-05 11:24:31'),(46,'Alfred','Riou','USER','thibault23@ifrance.com','+33 (0)8 00 27 08 53',NULL,'885a189032b720cd1560a3a3d0893ec310eaf7bacb935222915b10a8','2021-09-05 11:24:31','2021-09-05 11:24:31'),(47,'Lucie','Guyot','USER','francoiseparent@gmail.com','0801582100',NULL,'ace920d698da00db2e2592a21306976f2013d7e54134c29706ff80dc','2021-09-05 11:24:31','2021-09-05 11:24:31'),(48,'Arthur','Mary','USER','victor68@ifrance.com','05 20 17 32 01',NULL,'067513b97ff7b51d674364bed0cc00746ff9d05fe9661b90f9070fe5','2021-09-05 11:24:31','2021-09-05 11:24:31'),(49,'Clémence','Legros','USER','leconteines@laposte.net','0187060804',NULL,'28f2ff8a8bbc5075c143e1f88fb162ba618d7fa6ad9270a1080ae925','2021-09-05 11:24:31','2021-09-05 11:24:31'),(50,'Maryse','Faivre','USER','ydelaunay@hotmail.fr','+33 (0)3 43 29 31 10',NULL,'05624c4fa31274abd0558dafaef5eb35e71c59f6e76448c4609c640f','2021-09-05 11:24:31','2021-09-05 11:24:31'),(51,'Aurore','Louis','USER','eleclercq@live.com','+33 1 32 18 27 43',NULL,'21b4eedf4d8a521b51839fcc43914a66e79058cd9fa05f8280e1fb2e','2021-09-05 11:24:31','2021-09-05 11:24:31'),(52,'Élisabeth','Rey','USER','louis12@club-internet.fr','+33 (0)1 39 15 84 11',NULL,'149079702a9ed0051246c19794f3e0c81fc3a107c50f1203f93b24dc','2021-09-05 11:24:31','2021-09-05 11:24:31'),(53,'Maurice','Chartier','USER','remyberthelot@tiscali.fr','+33 (0)4 22 25 85 23',NULL,'851c7c275259a79be11451b1577b2743c952f8c207b9d990c2a22d9f','2021-09-05 11:24:31','2021-09-05 11:24:31'),(54,'Jacques','Poulain','USER','lecomtejulien@live.com','0651715165',NULL,'f7e9bad00d81bc6bfaa72955700b90807075d5b2e363e8f45b020ae3','2021-09-05 11:24:31','2021-09-05 11:24:31'),(55,'Célina','Gilbert','USER','simonpaulette@hotmail.fr','+33 6 81 47 52 23',NULL,'32014d7ca46e64795f4bd3a8c9bc579600ce3829c8711ee6efa56a24','2021-09-05 11:24:31','2021-09-05 11:24:31'),(56,'Martine','Muller','USER','cecile73@ifrance.com','0563901909',NULL,'8aaef3bb9e9f5971038716566021f166228e0eb62c9eb51625f27869','2021-09-05 11:24:31','2021-09-05 11:24:31'),(57,'Paulette','Adam','USER','astrid75@tele2.fr','04 13 27 22 65',NULL,'c24ddc5518638b7e879c7b647ff7913229cd0e0c2c5fccec19e475f4','2021-09-05 11:24:31','2021-09-05 11:24:31'),(58,'Eugène','Lelievre','USER','paul24@live.com','+33 (0)8 06 61 28 18',NULL,'7dd023a07c7529034b9c30a3d0152a0d8e77cfb2eafaa765f875173f','2021-09-05 11:24:31','2021-09-05 11:24:31'),(59,'Alix','Lenoir','USER','gilleshumbert@gmail.com','+33 2 39 45 15 93',NULL,'619beef52fbdfc315356020df6fe4f8c25a4c4fb1af44d8d3ed74531','2021-09-05 11:24:31','2021-09-05 11:24:31'),(60,'Claudine','Auger','USER','louis73@club-internet.fr','03 39 48 29 12',NULL,'42b8cbc51fca1545ac95e5328151a18e4b0543be84f3c6e459e26406','2021-09-05 11:24:31','2021-09-05 11:24:31'),(61,'Jacqueline','Duval','USER','gillescecile@hotmail.fr','+33 (0)4 01 11 99 26',NULL,'31ae23fa3872ec38c188c74e6b43f9617dc77fd3f15fce95b6cb15ee','2021-09-05 11:24:31','2021-09-05 11:24:31'),(62,'Éric','Leleu','USER','barbejacqueline@club-internet.fr','+33 3 10 22 06 02',NULL,'2373bcef22e6b80fafd81a5db314822553dfa7522fa49634df98570f','2021-09-05 11:24:31','2021-09-05 11:24:31'),(63,'Luce','Costa','USER','claudine69@voila.fr','0111728718',NULL,'b70eb34086f8a93de2c52c1321ccdf3342c312d206eb9bb9cc401435','2021-09-05 11:24:31','2021-09-05 11:24:31'),(64,'Laurent','Raynaud','USER','rouxnicolas@bouygtel.fr','08 08 59 33 14',NULL,'10db4553b58afda5f14fa2d9717d6bfefdcc0abf5715e93425ff104a','2021-09-05 11:24:31','2021-09-05 11:24:31'),(65,'Victor','Robin','USER','gabrielle57@sfr.fr','0513568748',NULL,'f0c2605c38ced41400f41dc484004358a1c894f431ff1d2cd0404132','2021-09-05 11:24:31','2021-09-05 11:24:31'),(66,'Capucine','Dias','USER','mmathieu@tele2.fr','0353163562',NULL,'927d50cd86bf2e5f6646575b086ed2340273403f3a94614b8480062d','2021-09-05 11:24:31','2021-09-05 11:24:31'),(67,'Jacques','Brunet','USER','alexandriepinto@yahoo.fr','01 61 16 04 63',NULL,'7257906918f3df09d39df49415278acc9c39636463ea4aba0446f3ec','2021-09-05 11:24:31','2021-09-05 11:24:31'),(68,'Georges','Roche','USER','margaret64@hotmail.fr','+33 6 63 21 83 98',NULL,'dc0242bef86628d544758f684cb92039be240eec2fe802fcd97bedad','2021-09-05 11:24:31','2021-09-05 11:24:31'),(69,'Hugues','Perret','USER','ruizclemence@tele2.fr','+33 1 96 82 65 21',NULL,'1e416f2af4d54107551f9f73cb4246d73cde94e85ff6e52a2b14c928','2021-09-05 11:24:31','2021-09-05 11:24:31'),(70,'Hugues','Jacob','USER','royerjosephine@hotmail.fr','0444051930',NULL,'720647a5b440df188e93a63a8cf0ef6bf622f6099a78946fa31b4420','2021-09-05 11:24:31','2021-09-05 11:24:31'),(71,'Claude','Chauveau','USER','moreauaimee@gmail.com','02 38 12 26 96',NULL,'847784796ec2cd1e32b9fd13ce4b2a9838a27895184f6b8215caa27b','2021-09-05 11:24:31','2021-09-05 11:24:31'),(72,'Olivier','Mendes','USER','poulainfrederic@club-internet.fr','0636817948',NULL,'6418d64d104967a9ecde43f0ba57a1ce865b3b7da6f7dd4a73d43034','2021-09-05 11:24:31','2021-09-05 11:24:31'),(73,'Marine','Garcia','USER','zbrunet@wanadoo.fr','0412156253',NULL,'cd9b748f6a908201ad34735c09d724b14136b73c4791c7dda365f915','2021-09-05 11:24:31','2021-09-05 11:24:31'),(74,'Jacqueline','Pinto','USER','leon37@gmail.com','+33 (0)5 23 14 39 59',NULL,'68da5c1b19d15ad0c6b8dd874a991bc5f223d831589641861a5373ef','2021-09-05 11:24:31','2021-09-05 11:24:31'),(75,'Philippe','Giraud','USER','paullamy@tiscali.fr','+33 (0)3 36 03 56 27',NULL,'69a0c7c93b3ec22006969e114c0888c18d629373be61008c75ea33c7','2021-09-05 11:24:31','2021-09-05 11:24:31'),(76,'Raymond','Lesage','USER','zcousin@laposte.net','01 20 91 62 49',NULL,'f740aa85ce126ef744a2a43c269cd77f25b7abcece438decb93bfa02','2021-09-05 11:24:31','2021-09-05 11:24:31'),(77,'Élisabeth','Berger','USER','nathalie11@ifrance.com','+33 1 44 80 89 39',NULL,'6d40da4365837cc6228ab6197b2eaebb6a6720e0c36f68b8ed5805da','2021-09-05 11:24:31','2021-09-05 11:24:31'),(78,'Roger','Bousquet','USER','richardlaurence@tele2.fr','01 11 61 54 90',NULL,'408544643c03f3db766ffc5d3ddfb90be65003834f29e46e9692f758','2021-09-05 11:24:31','2021-09-05 11:24:31'),(79,'Antoine','Le Roux','USER','da-silvaclaudine@orange.fr','02 80 15 90 85',NULL,'77bb4fd1550722918625dbafd01666b3185234e561df5aa401f0e52c','2021-09-05 11:24:31','2021-09-05 11:24:31'),(80,'Renée','Lenoir','USER','kjacob@bouygtel.fr','0182083255',NULL,'26f860b0547da434eefe1c61b9e206aef2ed69b38acefb5a9ce0b83d','2021-09-05 11:24:31','2021-09-05 11:24:31'),(81,'Maggie','Lopes','USER','tlaroche@sfr.fr','+33 4 53 56 54 04',NULL,'528c877a01b3d644f5bfd8dc58286f4013cfb4d32f2ba71b48bc3bc0','2021-09-05 11:24:31','2021-09-05 11:24:31'),(82,'Xavier','Royer','USER','wleroy@ifrance.com','0692287018',NULL,'032a67d12c0f731c3b74f7dba4610acae2d27126848338e840cd0318','2021-09-05 11:24:31','2021-09-05 11:24:31'),(83,'Georges','Dufour','USER','bessonjulien@gmail.com','0619477805',NULL,'5af835de025b1c7f0bf0db8a2d8f348415c8cf6b2a03f3a4720e722a','2021-09-05 11:24:31','2021-09-05 11:24:31'),(84,'Diane','Dubois','USER','jacquottimothee@ifrance.com','+33 (0)4 20 52 17 23',NULL,'bb9ea092dc4cf6104066aea8cc8408ddeb78b5834f480e280d928557','2021-09-05 11:24:31','2021-09-05 11:24:31'),(85,'Virginie','Petit','USER','smasson@club-internet.fr','0203927248',NULL,'357f31278965ae870ecca5db46a7de062a26203f0789b57a0edc5852','2021-09-05 11:24:31','2021-09-05 11:24:31'),(86,'Jacques','Laine','USER','wmendes@orange.fr','0802492678',NULL,'36f4b75304d73061e89075ed4eca8ee45ec0ab6b299bd92b9f9d00f8','2021-09-05 11:24:31','2021-09-05 11:24:31'),(87,'Virginie','Vidal','USER','noel01@noos.fr','+33 (0)8 05 86 35 80',NULL,'b35241e34464f26a83dbca09a21402ef401fc1a46bcccd7af8150faf','2021-09-05 11:24:31','2021-09-05 11:24:31'),(88,'Luce','Leveque','USER','dianevoisin@tele2.fr','0661636720',NULL,'9305f2a687e3028fe1c0d55ed7af2cb9956c4ac066711a8e2bd57a69','2021-09-05 11:24:31','2021-09-05 11:24:31'),(89,'Philippe','Menard','USER','texierbernadette@noos.fr','0172293813',NULL,'2b7103a96d157f26da3aa8f87e2fca761b4ffa8f3eb3d3f3225d788d','2021-09-05 11:24:31','2021-09-05 11:24:31'),(90,'Benjamin','De Sousa','USER','talves@hotmail.fr','0109049416',NULL,'3ff1c5935c4c3787c6e78a788eb7b47ed0e21f11abaa37fadec1dd14','2021-09-05 11:24:31','2021-09-05 11:24:31'),(91,'Laurence','Fontaine','USER','rramos@free.fr','+33 (0)2 97 79 68 00',NULL,'6370e56502d5bd340eb414bd25ad137c15bf21deeae57e04ac0ce868','2021-09-05 11:24:31','2021-09-05 11:24:31'),(92,'Philippine','Boucher','USER','eguillon@gmail.com','0805919242',NULL,'aaab14b18e9a10fe1bb1d2fd6ee6cf1492b4d443e9a278d5d7662223','2021-09-05 11:24:31','2021-09-05 11:24:31'),(93,'Adrien','Schneider','USER','pclerc@voila.fr','01 20 54 18 59',NULL,'0a651e6a870c755968d23701ed15f8780f8510a57a0e4e655c7ffc41','2021-09-05 11:24:31','2021-09-05 11:24:31'),(94,'Léon','Moulin','USER','fjacob@voila.fr','+33 (0)8 05 99 40 07',NULL,'edc7f087f30a3ff6fde461d88fea067078811ccf4e85158a34d43077','2021-09-05 11:24:31','2021-09-05 11:24:31'),(95,'Dorothée','Delannoy','USER','fischereleonore@bouygtel.fr','04 55 59 19 62',NULL,'a4538b12ba8abf84254ca5eac77d4e98157bd96eb086b81e686bef26','2021-09-05 11:24:31','2021-09-05 11:24:31'),(96,'Joseph','Samson','USER','chauveauarnaude@ifrance.com','+33 (0)4 83 79 99 05',NULL,'54fc98987f185c2e7188cc6a53468539c256934391ebcb8acb3af074','2021-09-05 11:24:31','2021-09-05 11:24:31'),(97,'Frédérique','Gomez','USER','wlelievre@orange.fr','+33 (0)5 76 42 01 34',NULL,'cda6c2225dc8c79b8a6cd7fc83fbcf8f6d6e2dede7f83f5b6e094a21','2021-09-05 11:24:31','2021-09-05 11:24:31'),(98,'Élodie','Fontaine','USER','schmittvictoire@gmail.com','05 52 43 59 70',NULL,'cd126d8dd1aa6af865900ee5d38dd0af324967b32f8fbb1513bd83d9','2021-09-05 11:24:31','2021-09-05 11:24:31'),(99,'Sophie','Vasseur','USER','anguyen@yahoo.fr','08 00 95 03 42',NULL,'416c1d148c4fc4c9a1fda8d45a5e5d10e272f8a9ac4a7ca69f507787','2021-09-05 11:24:31','2021-09-05 11:24:31'),(100,'Christelle','Roger','USER','josette13@ifrance.com','+33 (0)4 25 72 60 34',NULL,'2fc886e9d4c4d3a9531fa874ca67b03e1ded660bfbdb171622a8dff2','2021-09-05 11:24:31','2021-09-05 11:24:31'),(101,'Michelle','Pasquier','USER','gerardsusanne@sfr.fr','+33 (0)4 92 75 65 48',NULL,'28397228c01ab75673f2ce1a5b83c2c7cee92b7393e61e7f84f68e21','2021-09-05 11:24:31','2021-09-05 11:24:31'),(102,'Olivie','Lefevre','USER','laetitiagauthier@orange.fr','+33 (0)1 77 53 06 32',NULL,'e61589db163f5508bc11befb5d0389a850dc62e691586c6abc3fa756','2021-09-05 11:24:31','2021-09-05 11:24:31'),(103,'Claude','Payet','USER','anavarro@wanadoo.fr','+33 3 80 92 42 65',NULL,'c5326da72f88ebdbf0118bffe8315583a25d1da27f61b63be197a9c0','2021-09-05 11:24:31','2021-09-05 11:24:31'),(104,'Claudine','Lopes','USER','vgaudin@live.com','0454817745',NULL,'c8638ba8bc1bbeb62e328614f83c8ed32bf9e9df86fab05367b6256a','2021-09-05 11:24:31','2021-09-05 11:24:31'),(105,'Élise','Guillon','USER','zachariecamus@gmail.com','0390675188',NULL,'78255dab23ad2e22dae8770bd15fd85368d8d4e857d001fb57b903ce','2021-09-05 11:24:31','2021-09-05 11:24:31'),(106,'Patrick','Guillet','USER','michelle46@dbmail.com','+33 8 06 12 34 70',NULL,'7ee578fcb2bd9a9b956690afad8a3b27809c25561499ffb5235c1ba9','2021-09-05 11:24:31','2021-09-05 11:24:31'),(107,'Aimé','Costa','USER','agnespasquier@club-internet.fr','0363513664',NULL,'bc282507a10375c938fe0b9b4b2c48a717abd5f3c49b53f803783b93','2021-09-05 11:24:31','2021-09-05 11:24:31'),(108,'Christophe','Rodriguez','USER','margot26@wanadoo.fr','08 04 92 32 51',NULL,'c0b92ac68422bca16d81ff5ee7ebfad639eb1ef5dba75e42475e1844','2021-09-05 11:24:31','2021-09-05 11:24:31'),(109,'Alexandre','Mahe','USER','josephanouk@dbmail.com','06 62 48 84 11',NULL,'827082d6bf981727739ff22379c40c6d6e393fd353f94b48d1fde6d9','2021-09-05 11:24:31','2021-09-05 11:24:31'),(110,'René','Garnier','USER','clemence72@gmail.com','0473869186',NULL,'6d5557ea792df26b0bd0ea4c84cabaeeccf61a96adcfe512708c5c46','2021-09-05 11:24:31','2021-09-05 11:24:31'),(111,'Paul','Berger','USER','kdupont@live.com','+33 6 12 09 96 94',NULL,'e1cfe43d1f70d4b385d7b130a4cc949cfa834e2388b404b233c22535','2021-09-05 11:24:31','2021-09-05 11:24:31'),(112,'Élodie','Lelievre','USER','antoinettelecoq@free.fr','+33 (0)1 75 46 89 61',NULL,'f43f59e62b6becb1ff2655686f28fcc5b2007dc6d58b9045b529e403','2021-09-05 11:24:31','2021-09-05 11:24:31'),(113,'Lucie','Barbe','USER','anne36@club-internet.fr','08 03 23 29 96',NULL,'c36736f0c8b0c94fc40f56ce3f99a340fc598f9f7aff4cbecc4c9e88','2021-09-05 11:24:31','2021-09-05 11:24:31'),(114,'Gérard','Camus','USER','pierrebesnard@gmail.com','04 20 37 17 25',NULL,'56b92049a7c7e2fe4b9f7e03a1556d3008503675319d13c18fc59a71','2021-09-05 11:24:31','2021-09-05 11:24:31'),(115,'Jeanne','Costa','USER','aregnier@wanadoo.fr','+33 (0)6 06 25 43 73',NULL,'7df1a2c729bae8f4004125124fd8a435a2e4f5d594960ffc783d000e','2021-09-05 11:24:31','2021-09-05 11:24:31'),(116,'Célina','Rocher','USER','fguillet@live.com','06 16 29 98 84',NULL,'8efb9eb3a368b913d6ce6e8bd810e83b528035adbdf09b2f008dda40','2021-09-05 11:24:31','2021-09-05 11:24:31'),(117,'Bernard','Courtois','USER','ifontaine@laposte.net','+33 2 96 49 60 14',NULL,'6df03f932b54f9cd761da727f7a5c982cbbb58c92635d0b9958deeb9','2021-09-05 11:24:31','2021-09-05 11:24:31'),(118,'Mathilde','Lemaire','USER','fredericpons@free.fr','+33 (0)4 10 82 09 23',NULL,'e4b6a57ced8a25ce52484db8e1b00b8f99455aecde86bf5800f4aed8','2021-09-05 11:24:31','2021-09-05 11:24:31'),(119,'Christophe','Pereira','USER','sebastienvidal@yahoo.fr','0528063107',NULL,'9129014f0228f6d9725b545dff07ff2e34917daae83fc5e955ccfa41','2021-09-05 11:24:31','2021-09-05 11:24:31'),(120,'Patricia','Bourgeois','USER','durandsebastien@dbmail.com','04 62 05 40 26',NULL,'a83ed804f185fc4f299f80694c6556a5a834866d3685756dedbd2162','2021-09-05 11:24:31','2021-09-05 11:24:31'),(121,'Franck','Hoarau','USER','pascalmartine@gmail.com','+33 3 98 32 65 00',NULL,'ccc2465c46de9415a5184e41112b504d12cbb8e905e994c4296d9a59','2021-09-05 11:24:31','2021-09-05 11:24:31'),(122,'Laetitia','Denis','USER','martinluc@tele2.fr','03 02 07 85 14',NULL,'b59614ac63cd1dbedf2aa5cfe9bb604b376e60abd8d8487335678378','2021-09-05 11:24:31','2021-09-05 11:24:31'),(123,'Marcelle','Pasquier','USER','margaud29@ifrance.com','02 45 49 96 02',NULL,'f54709e144ad2f86c303e23286b2491f5d0202d61297e333723e4a0d','2021-09-05 11:24:31','2021-09-05 11:24:31'),(124,'Hugues','Jacob','USER','victoire81@gmail.com','+33 5 68 03 27 12',NULL,'c007d4b4e0920604ef17292c448a374f77b56ec6c57f271a6c4c40ce','2021-09-05 11:24:31','2021-09-05 11:24:31'),(125,'Marine','Lemonnier','USER','celinemuller@tiscali.fr','06 43 57 07 19',NULL,'640d0a7e7a00a5bbcad3c7ba1157bf397368d4ce27b2b8eb4fda0760','2021-09-05 11:24:31','2021-09-05 11:24:31'),(126,'Marthe','Martineau','USER','bfabre@orange.fr','+33 8 07 33 15 64',NULL,'2b8b929899d5f4cbd09c13b60379b4aa15a2d3be5029fffa136b6e6b','2021-09-05 11:24:31','2021-09-05 11:24:31'),(127,'Théophile','Lambert','USER','louiseblondel@yahoo.fr','+33 6 50 06 99 22',NULL,'6e7f5ca23e0783c0bb049b9cedbc91a4156189f73837b203c5a3249e','2021-09-05 11:24:31','2021-09-05 11:24:31'),(128,'Renée','Buisson','USER','louisveronique@ifrance.com','+33 5 27 11 31 00',NULL,'4167f4e5cb5637e73b1b063b7fcdfefc9219f4e418c69746ec40f0b3','2021-09-05 11:24:31','2021-09-05 11:24:31'),(129,'Juliette','Pascal','USER','noelmadeleine@ifrance.com','+33 (0)1 12 89 64 16',NULL,'ccdd00535beb9c543ceabe290131d020ac210524fb1d9d230862866b','2021-09-05 11:24:31','2021-09-05 11:24:31'),(130,'Xavier','Aubry','USER','costealphonse@hotmail.fr','+33 3 38 52 28 40',NULL,'c2492e6c8a725044bdef1497267f7e57998b409c73b4fcb96ec0629f','2021-09-05 11:24:31','2021-09-05 11:24:31'),(131,'Alex','Maillot','USER','moulinaurore@bouygtel.fr','0675913730',NULL,'695d7f337fa7e80f83ace0f0b8ada196704277cc99104f581fea187f','2021-09-05 11:24:31','2021-09-05 11:24:31'),(132,'Arthur','Lemaire','USER','susannemartin@dbmail.com','+33 5 35 20 02 61',NULL,'fe7a5818c23b92a858e3fa884816d498cffb0ef7ed329da1b8e6a5ce','2021-09-05 11:24:31','2021-09-05 11:24:31'),(133,'Denise','Fleury','USER','claudine10@wanadoo.fr','0122608249',NULL,'f9d7e738ff9bbc278f3b2e5fcf9fcb4528bf7c5f78ced3df1f1c6db8','2021-09-05 11:24:31','2021-09-05 11:24:31'),(134,'Roger','Teixeira','USER','aimeeroussel@club-internet.fr','0271378997',NULL,'b8275b6c5ab7598e177d712b5dc13fdebb536f9b5cfa9c7c1b558ce8','2021-09-05 11:24:31','2021-09-05 11:24:31'),(135,'Alice','Allain','USER','potierdaniel@gmail.com','+33 4 19 20 78 41',NULL,'bff6238baba938be5bcc2f6671b504ceec34609a3de5526d746313d4','2021-09-05 11:24:31','2021-09-05 11:24:31'),(136,'Charles','Regnier','USER','mrenaud@tiscali.fr','06 26 48 28 39',NULL,'bb81566726a6dbe3c45f89906b64696f30f3782540bed9e09f2264a4','2021-09-05 11:24:31','2021-09-05 11:24:31'),(137,'Nath','Weber','USER','ralves@tele2.fr','+33 (0)5 25 50 17 43',NULL,'c541cade3e15038a9e206c077ba951847a84b1781ea91069ff131896','2021-09-05 11:24:31','2021-09-05 11:24:31'),(138,'Guy','Clerc','USER','isaac21@yahoo.fr','04 08 41 90 96',NULL,'47bd5fc8ab7de145e34e98e2395565f16e197b96271926f01177fbcb','2021-09-05 11:24:31','2021-09-05 11:24:31'),(139,'Jules','Leroy','USER','tbernard@hotmail.fr','+33 (0)4 78 24 58 76',NULL,'769b1c5a93d6581367ae8823912e87e616163260098dfbc5982d682a','2021-09-05 11:24:31','2021-09-05 11:24:31'),(140,'Jeannine','Guyon','USER','martindenis@voila.fr','0204209251',NULL,'5f42bd3f4b121dec2948ebba8f7cbcbb280664b863f6894a2d246f94','2021-09-05 11:24:31','2021-09-05 11:24:31'),(141,'Camille','Moreau','USER','theophileguillou@noos.fr','03 00 50 23 00',NULL,'73f30fa683ce39fd7fa123efa59ee7c7005968bf9f17359ae84c2bb9','2021-09-05 11:24:31','2021-09-05 11:24:31'),(142,'Georges','Legrand','USER','nicolaschevalier@gmail.com','+33 1 21 42 76 09',NULL,'08d8dc8b70317fc77070cf678e202afc41862c95f82aba4d1888e52d','2021-09-05 11:24:31','2021-09-05 11:24:31'),(143,'Eugène','Lopez','USER','olivierodette@ifrance.com','+33 4 57 73 70 43',NULL,'e5b4efe4f1c933652ef41eded7c22dbc76d3602438db3d4c24329a56','2021-09-05 11:24:31','2021-09-05 11:24:31'),(144,'Michel','Traore','USER','jeanne62@sfr.fr','+33 5 22 75 97 10',NULL,'88788189b10326b83ed8e40542e7b77257ef4d1872ef59aa00989af2','2021-09-05 11:24:31','2021-09-05 11:24:31'),(145,'Étienne','Barthelemy','USER','juleschretien@bouygtel.fr','+33 (0)2 18 23 03 41',NULL,'4abc7816ca3dbb51b467beee7eb5098b63620e783e02a75fccc61c2f','2021-09-05 11:24:31','2021-09-05 11:24:31'),(146,'Roger','Boulanger','USER','danielmoreno@noos.fr','0158279291',NULL,'5168a3f5e4b14c1197227040c43f2fd57db06ce7ce340fb8ea6de5ee','2021-09-05 11:24:31','2021-09-05 11:24:31'),(147,'Capucine','Weber','USER','sfournier@tele2.fr','0382738756',NULL,'698ee18b1e4aa08a72977f670f2df2969fae8a562991857dc0c2de4b','2021-09-05 11:24:31','2021-09-05 11:24:31'),(148,'Bernard','Delannoy','USER','traoremarine@yahoo.fr','0130828196',NULL,'06e7454bfe938c3f34d53b44e4d87453d7e6550793ac68ec63626846','2021-09-05 11:24:31','2021-09-05 11:24:31'),(149,'Charles','Delorme','USER','theophile92@gmail.com','0328615973',NULL,'f3f99d5dc7a7612bc406be104a341f16d2e0bbc4b226e4f8265c3c1b','2021-09-05 11:24:31','2021-09-05 11:24:31'),(150,'Marianne','Navarro','USER','catherineperret@yahoo.fr','06 37 33 33 16',NULL,'4a0f4ab5278e72643e531b7ad1f79a43baacb1c3547caffd63d23580','2021-09-05 11:24:31','2021-09-05 11:24:31'),(151,'Véronique','Diallo','USER','teixeiraalexandria@hotmail.fr','04 14 09 33 95',NULL,'dc83893361e2666f3219112c054f75fb7957396ff8ab2ee7503972b9','2021-09-05 11:24:31','2021-09-05 11:24:31'),(152,'Renée','Lefebvre','USER','theodore51@dbmail.com','0609498175',NULL,'ec6edb291610077a67fb90539415c4e766f7d12e4275ce80a397bd3b','2021-09-05 11:24:31','2021-09-05 11:24:31'),(153,'René','Poirier','USER','olagarde@live.com','+33 (0)4 32 49 29 16',NULL,'4f8e070ff123d2972c34fa7a4e9d074c535e49cdbe631a76ee21edb8','2021-09-05 11:24:31','2021-09-05 11:24:31'),(154,'Amélie','Breton','USER','ihubert@orange.fr','01 58 12 33 14',NULL,'c7191e9aaf5aeb5b9ffdeb4afc4569ea1d24e9bd99cfb9840850a718','2021-09-05 11:24:31','2021-09-05 11:24:31'),(155,'Marc','Cohen','USER','edithlemoine@wanadoo.fr','0130524096',NULL,'5e0f9c83f15ff9128c7be68718bf0c45df23a9084529d5405b013fa3','2021-09-05 11:24:31','2021-09-05 11:24:31'),(156,'Astrid','Fleury','USER','milleteric@ifrance.com','+33 6 16 61 69 58',NULL,'97f1d86b42a4f9dd81e6aedd7058e5958d0fdc6d2526438339865c70','2021-09-05 11:24:31','2021-09-05 11:24:31'),(157,'Édith','Rousset','USER','pmaillet@sfr.fr','+33 4 98 87 27 90',NULL,'18117deec39189a518fc00de8904f8eaf0cbf45c1846d3ce5597e9c1','2021-09-05 11:24:31','2021-09-05 11:24:31'),(158,'Audrey','Weber','USER','rousseteleonore@free.fr','+33 5 84 67 50 79',NULL,'7aec7c5cbe5cfc8d028766155474b979072b9c7b445905289ab895fb','2021-09-05 11:24:31','2021-09-05 11:24:31'),(159,'Aimé','Diaz','USER','michelemarie@hotmail.fr','+33 (0)1 02 86 60 94',NULL,'f6b0bc6483d5c5fd4e445ee2a359ab6fc157496f564df9370648637c','2021-09-05 11:24:31','2021-09-05 11:24:31'),(160,'Nicole','Klein','USER','daisy60@free.fr','03 31 45 28 45',NULL,'191e7a7dc0c9f6218a25799b9f21a3938c9ba13ce996f50e2c9d70e8','2021-09-05 11:24:31','2021-09-05 11:24:31'),(161,'Aimé','Lebon','USER','delannoyaugustin@noos.fr','+33 (0)3 58 83 70 69',NULL,'0aaa55099c592e7df74e07ce8b0f5f7f9a5b7728d30f106e4ae77347','2021-09-05 11:24:31','2021-09-05 11:24:31'),(162,'Philippe','Clerc','USER','oliviehuet@laposte.net','+33 (0)8 06 21 87 12',NULL,'37606a92c17caf0f2e3ef3f7af544343d7e569a325c76c56c93fd520','2021-09-05 11:24:31','2021-09-05 11:24:31'),(163,'Xavier','Tessier','USER','jleroux@tiscali.fr','+33 (0)4 82 93 38 55',NULL,'27fbab65e96c26a3edb4be913325619d2c5982e4ccce6978d2efcc8f','2021-09-05 11:24:31','2021-09-05 11:24:31'),(164,'Jérôme','Sanchez','USER','mariannelenoir@wanadoo.fr','0187343178',NULL,'d4bc19eebfdcf3c7265d3694ffedb43fc35f83f6e286961497854fcd','2021-09-05 11:24:31','2021-09-05 11:24:31'),(165,'André','Leduc','USER','claudine44@free.fr','+33 (0)2 95 75 27 19',NULL,'6d3bd3ea9c6800c8153ff2e5057e57ca548dbba3b0f5279be038b02a','2021-09-05 11:24:31','2021-09-05 11:24:31'),(166,'Léon','Hoarau','USER','richard37@orange.fr','+33 (0)3 71 37 85 26',NULL,'1dce4df1aa965d5fe03598bdea6bc5da03aa1b32e0274454c19b19d6','2021-09-05 11:24:31','2021-09-05 11:24:31'),(167,'Marie','Paris','USER','veronique03@laposte.net','+33 (0)2 35 82 71 50',NULL,'2a4d9669f517026a2c793dad802bfcf82bffb225dbcda81a37d45720','2021-09-05 11:24:31','2021-09-05 11:24:31'),(168,'Vincent','Marty','USER','fredericpottier@tele2.fr','05 80 59 25 24',NULL,'8c0cffb6221282c5b2b81fe914e9140d9f99450c08662c4b0fa90885','2021-09-05 11:24:31','2021-09-05 11:24:31'),(169,'Victoire','Pinto','USER','jerometessier@bouygtel.fr','+33 (0)6 57 50 32 99',NULL,'bdfc6f04b619050015a3e23d685aff15c51ae5a4cbcc3f3d3e59472f','2021-09-05 11:24:31','2021-09-05 11:24:31'),(170,'Renée','Baron','USER','odettefournier@sfr.fr','0300115055',NULL,'ae6f313f88357437e977f0c1d3bf404c70a5f3f310b9c9912a405922','2021-09-05 11:24:31','2021-09-05 11:24:31'),(171,'Valentine','Collet','USER','iduhamel@gmail.com','+33 (0)3 57 39 87 00',NULL,'366db4c3cb63ddc5e8c0679a658bf6eb60db343305d99301fd8124c3','2021-09-05 11:24:31','2021-09-05 11:24:31'),(172,'Franck','Rolland','USER','odupont@live.com','+33 (0)3 97 53 05 10',NULL,'b698c952a61e95931e39131053ddd78706837e545dc3b0d609beb8d7','2021-09-05 11:24:31','2021-09-05 11:24:31'),(173,'Nathalie','Peltier','USER','aguillot@gmail.com','+33 (0)4 31 48 64 92',NULL,'4738fd26b9bd1806ada0a95034de0ae637b3fabaead95a30d99ed04c','2021-09-05 11:24:31','2021-09-05 11:24:31'),(174,'Colette','Guichard','USER','marineroyer@noos.fr','+33 (0)5 43 32 83 95',NULL,'2aae8cb8b95ffae552195ee06efdad17414cf3e7c54ee730969a3190','2021-09-05 11:24:31','2021-09-05 11:24:31'),(175,'Margaud','Adam','USER','margot56@laposte.net','+33 (0)3 47 38 72 51',NULL,'fc9a016d8bd4053a2588abd563b9ee7d8f77315d273f5a05c442deb4','2021-09-05 11:24:31','2021-09-05 11:24:31'),(176,'Édouard','Moreau','USER','emendes@tele2.fr','+33 5 27 28 77 03',NULL,'ed92386fc22e014e72c04f4ad929db7ead1a3785fa806b2349d7d60c','2021-09-05 11:24:31','2021-09-05 11:24:31'),(177,'Audrey','Leconte','USER','letelliermaggie@tiscali.fr','+33 (0)2 56 52 08 73',NULL,'76d4472c2e84a67b176262302aa20d8ff0c2c1a4609c0dc6a7a56c9f','2021-09-05 11:24:31','2021-09-05 11:24:31'),(178,'Noémi','Pons','USER','marysebonnet@sfr.fr','+33 (0)1 98 13 42 61',NULL,'c73f0ab10cc85e5702b811ad20ea0b027cd6f003c441a3fb2c593ffe','2021-09-05 11:24:31','2021-09-05 11:24:31'),(179,'Suzanne','Hoarau','USER','ysanchez@laposte.net','0463219923',NULL,'f23d31802263f53eda91be71edc62f91e8c6cbe3862e8e19ba926c57','2021-09-05 11:24:31','2021-09-05 11:24:31'),(180,'Agnès','Carre','USER','hmorvan@tiscali.fr','+33 (0)2 24 01 78 34',NULL,'391081f91c6af25bcf1f772d2df483e3dda77758a0ebadc356c45f0b','2021-09-05 11:24:31','2021-09-05 11:24:31'),(181,'Thibaut','Robert','USER','gchevallier@yahoo.fr','+33 3 54 62 25 43',NULL,'f8d5a4ea7548c10fa466b0a3b6e6ffaf5a48cb4c94b0fb5a53040149','2021-09-05 11:24:31','2021-09-05 11:24:31'),(182,'Manon','Royer','USER','umathieu@ifrance.com','0215290707',NULL,'d5b1123503323846263d58606e02ff6de25debd167dc7cc6d16430ef','2021-09-05 11:24:31','2021-09-05 11:24:31'),(183,'Marianne','Olivier','USER','virginiemarion@dbmail.com','+33 1 02 60 29 30',NULL,'bee6f55dd9870483eadcc081cb03fcd66531a8f3df3580bff32416ba','2021-09-05 11:24:31','2021-09-05 11:24:31'),(184,'Henriette','Lecoq','USER','eleonoretanguy@wanadoo.fr','+33 4 66 55 88 64',NULL,'8c673720a7cbbdaf0eed5dfb2b1953ac94c45ff2ba2ccad6b5b429f6','2021-09-05 11:24:31','2021-09-05 11:24:31'),(185,'Benjamin','Huet','USER','beckerclemence@orange.fr','0306123295',NULL,'f2854f5d91c9324d41f2aae9026919ed08c25e6dfc19b34e88f46bd4','2021-09-05 11:24:31','2021-09-05 11:24:31'),(186,'Robert','Lemaire','USER','lucasjulie@tiscali.fr','0191343691',NULL,'31d67b268e69c4dfbfbf72267054aa914e3956bdc63616d2a4982cc5','2021-09-05 11:24:31','2021-09-05 11:24:31'),(187,'Franck','Perrot','USER','margotdupont@dbmail.com','0401400391',NULL,'0fb5eb0679f1c142682dc6f4908c6dd607344245f6ae5af48e4bb7b4','2021-09-05 11:24:31','2021-09-05 11:24:31'),(188,'Hélène','Texier','USER','wlaine@laposte.net','0800696404',NULL,'eafd5f8e58c1c051a335b1b7c2079ac371598f6d5e42ee0569ee97b6','2021-09-05 11:24:31','2021-09-05 11:24:31'),(189,'Madeleine','Nguyen','USER','gbenard@yahoo.fr','+33 3 75 86 60 22',NULL,'18a56bf066803b5dfbd163dc7bb9b3472150245b12b568b1c3a6dd05','2021-09-05 11:24:31','2021-09-05 11:24:31'),(190,'Michelle','Salmon','USER','sletellier@voila.fr','+33 6 47 30 18 44',NULL,'79c3c2f7130a2750159edf9a24581768a37d873573616b3977a36092','2021-09-05 11:24:31','2021-09-05 11:24:31'),(191,'François','Moreau','USER','uferreira@wanadoo.fr','+33 5 95 46 98 99',NULL,'b6dc51feb80390b07951e66c1031453fc58e40698eec2b7490f87d49','2021-09-05 11:24:31','2021-09-05 11:24:31'),(192,'Marthe','Lefort','USER','charles95@sfr.fr','01 69 68 39 60',NULL,'9bb8d1e776301cf8310d4fbea04230462542e2d9f4643727470a92b3','2021-09-05 11:24:31','2021-09-05 11:24:31'),(193,'Marc','Chevallier','USER','benjamin04@tele2.fr','01 96 51 50 42',NULL,'ada58999ccdf19f127ae62a6ab6ca8ee7e3c96b0004cbcbcd6e713bf','2021-09-05 11:24:31','2021-09-05 11:24:31'),(194,'Jeannine','Ramos','USER','ocosta@wanadoo.fr','+33 1 76 83 37 21',NULL,'c8bdbe3b45159ad6b5e527450b8e7dc1e5b83e48f8c6fc30df948d65','2021-09-05 11:24:31','2021-09-05 11:24:31'),(195,'Constance','Labbe','USER','gabrielle14@live.com','02 64 59 00 07',NULL,'cde9a373bd616fe3758b729c4b011e86c3befb478d85d3a7d6107c89','2021-09-05 11:24:31','2021-09-05 11:24:31'),(196,'Maurice','Jean','USER','laportealix@orange.fr','+33 1 08 80 23 31',NULL,'815942abf554688cf4431b55c921fd61078907d3da11e79115e62486','2021-09-05 11:24:31','2021-09-05 11:24:31'),(197,'Édith','Perrier','USER','nmaurice@gmail.com','+33 (0)4 79 69 31 07',NULL,'c32fd039bbc4ecb1021dc89d16894a91c7a3c6ff6a270c660b88a1b3','2021-09-05 11:24:31','2021-09-05 11:24:31'),(198,'Nath','Bonnet','USER','thierry07@sfr.fr','+33 (0)1 82 82 33 61',NULL,'372c9618d7ec61e5da2d014a6e38b0346543eec577d93b1ec5652557','2021-09-05 11:24:31','2021-09-05 11:24:31'),(199,'Gilles','Fournier','USER','rferreira@orange.fr','0413746297',NULL,'60cf930061fd623eb566b5e6d75bb8b37ace3eb9d48c1f33cb0edf42','2021-09-05 11:24:31','2021-09-05 11:24:31'),(200,'Élise','Lacombe','USER','emmanuelgregoire@orange.fr','+33 (0)2 33 47 93 34',NULL,'a091afd3b0bff6a5596b0ae09b3e4082c85909395105ad24c38dec50','2021-09-05 11:24:31','2021-09-05 11:24:31'),(201,'Adèle','Ledoux','USER','antoine50@yahoo.fr','+33 1 67 21 79 02',NULL,'f2817f15b769bc7ef83c13724c68425e4b4ca64d390c9b46ec12506b','2021-09-05 11:24:31','2021-09-05 11:24:31'),(202,'Joseph','Bernard','USER','smeyer@hotmail.fr','+33 (0)2 08 84 11 76',NULL,'79415e8332d26bdf3fc251383478cf2b4afa92189bb3f091db104cb2','2021-09-05 11:24:31','2021-09-05 11:24:31'),(203,'Marguerite','Andre','USER','caroline11@bouygtel.fr','0161964723',NULL,'d59a41dac8a9b950a05179b303a1454865c2b1ad68920660b3ea5553','2021-09-05 11:24:31','2021-09-05 11:24:31'),(204,'Adrien','Perrier','USER','chantal35@laposte.net','+33 3 07 84 19 21',NULL,'56c4be09675c1541e1428140ccf808f6ca96b2ae301ea11f8a207a21','2021-09-05 11:24:31','2021-09-05 11:24:31'),(205,'Sabine','Mercier','USER','claudeguillet@tiscali.fr','+33 8 08 97 37 79',NULL,'0afd9e9bec8dbacd1e053bba13faf98e092ccc103ce3bb9f910eee6d','2021-09-05 11:24:31','2021-09-05 11:24:31'),(206,'Inès','Bodin','USER','perrotmarthe@bouygtel.fr','0165508894',NULL,'1a997eab873834291a5ffd3abf7fe7afd8cf2622a1d9f889eccdc51d','2021-09-05 11:24:31','2021-09-05 11:24:31'),(207,'Susan','Fontaine','USER','claudelemaitre@dbmail.com','+33 (0)1 92 67 35 47',NULL,'b34175720fe618790ad73b608d2d69c0356b470d283568e3a32f5d5b','2021-09-05 11:24:31','2021-09-05 11:24:31'),(208,'Gabrielle','Lejeune','USER','qda-costa@club-internet.fr','08 08 11 59 68',NULL,'97a113624da8d178e643c893b14ac5d980e98480af990f6475becb51','2021-09-05 11:24:31','2021-09-05 11:24:31'),(209,'Nathalie','Potier','USER','giraudwilliam@ifrance.com','03 40 14 26 49',NULL,'3159fe0a3e557d3ca7c010779597a81ea07d2c6945c7b8ff7bc6a64a','2021-09-05 11:24:31','2021-09-05 11:24:31'),(210,'Élisabeth','Mary','USER','arthur94@laposte.net','0371379387',NULL,'ac434b4a50b20e54a5895f8789af31e8a3d504400b40eb1023aa6236','2021-09-05 11:24:31','2021-09-05 11:24:31'),(211,'Martin','Leconte','USER','aimepoirier@orange.fr','0269081951',NULL,'8eeb0915f385ebd0c0fdd47f6536687dc7a34aea03f616c663b6aacd','2021-09-05 11:24:31','2021-09-05 11:24:31'),(212,'Bertrand','Ledoux','USER','nbailly@laposte.net','04 38 03 73 60',NULL,'aeafe25d87e62d56a07660b207a73d8d3f8251e41cb630bfa4df20d5','2021-09-05 11:24:31','2021-09-05 11:24:31'),(213,'Paulette','Labbe','USER','arnaudemasson@gmail.com','+33 5 10 99 39 17',NULL,'e206707cbad87d883e489b909fd8aa15e380c5a1956cea62bf704e59','2021-09-05 11:24:31','2021-09-05 11:24:31'),(214,'Alice','Boutin','USER','celinelopes@gmail.com','+33 1 05 56 31 98',NULL,'4245e383f26fc5bf6060be57f7bf502d80d007a412ff24589de52acc','2021-09-05 11:24:31','2021-09-05 11:24:31'),(215,'Simone','Laporte','USER','adelaide63@wanadoo.fr','+33 (0)3 48 03 52 77',NULL,'255c0a639ebde033887c17ea8f548c3b56624f5eedeeb651c97e7288','2021-09-05 11:24:31','2021-09-05 11:24:31'),(216,'André','Noel','USER','isabelleroy@orange.fr','03 03 29 97 40',NULL,'0a01425ab6c447d3226251e519c4220697c75b01153ee426563d2982','2021-09-05 11:24:31','2021-09-05 11:24:31'),(217,'Agnès','Bonnin','USER','gilbertlombard@free.fr','+33 (0)1 66 96 11 82',NULL,'e0f92698d262bf565645e3935fa103188a082f62005597663eca2c73','2021-09-05 11:24:31','2021-09-05 11:24:31'),(218,'Julie','Durand','USER','ldelahaye@sfr.fr','+33 (0)3 22 93 64 25',NULL,'ec11229251e2d591ec20a169ef202b313d6b951496e87785a1d1c7d4','2021-09-05 11:24:31','2021-09-05 11:24:31'),(219,'Raymond','Joseph','USER','josephtexier@tiscali.fr','0697215402',NULL,'2fcd02fa76ee11d94b68e4179cd9c7de76f5febd39d843c3c47e184b','2021-09-05 11:24:31','2021-09-05 11:24:31'),(220,'Inès','Lagarde','USER','rodriguesroger@tiscali.fr','0562598375',NULL,'f333d4bcb2dd6dfe03e4d7a6de20ebbf4d5cddca0c9c74165d912370','2021-09-05 11:24:31','2021-09-05 11:24:31'),(221,'Emmanuelle','Aubert','USER','sgonzalez@laposte.net','0611127337',NULL,'75dd47a6e8993d4c61095ecf2e7c02ce79194c9ef61b72cb589daa57','2021-09-05 11:24:31','2021-09-05 11:24:31'),(222,'Nath','Mendes','USER','le-galljacques@orange.fr','+33 (0)1 12 33 56 59',NULL,'b37334c2ae07708d6fe059711f94761dcc83011621ec02b415a98b31','2021-09-05 11:24:31','2021-09-05 11:24:31'),(223,'Louis','Coste','USER','rolandde-oliveira@wanadoo.fr','+33 1 68 07 84 03',NULL,'da8b1cff6fafbd2f522dc927d9f1b2604f3aa12a9016fde31200c972','2021-09-05 11:24:31','2021-09-05 11:24:31'),(224,'Olivie','Lemonnier','USER','kvallet@noos.fr','+33 8 08 51 23 52',NULL,'1584f9f603bc7439bbbc9e3f64465897ce09f170fc4a9221ef55b4a9','2021-09-05 11:24:31','2021-09-05 11:24:31'),(225,'Juliette','Morin','USER','alexandremargot@tele2.fr','+33 2 91 74 15 22',NULL,'4db4d281d175c3b066c93884c31384c19f652f83c1d542916d49a7ef','2021-09-05 11:24:31','2021-09-05 11:24:31'),(226,'Gabrielle','Ribeiro','USER','guy12@gmail.com','+33 3 43 68 83 09',NULL,'78f6ca05c51e9427c44277cb9cedf164629aad1cbb48dcbd291ade05','2021-09-05 11:24:31','2021-09-05 11:24:31'),(227,'Stéphanie','Hamon','USER','etiennevalerie@gmail.com','+33 5 46 36 23 35',NULL,'a8275502c32667e84353d89dcfff4217a329dd200fc67b41e47973a7','2021-09-05 11:24:31','2021-09-05 11:24:31'),(228,'Louise','Bouchet','USER','bernadettelebon@orange.fr','03 61 83 77 63',NULL,'4d972a6d8047d238251ad8dc6b3139584c9c5a85955f3624b48f5d9b','2021-09-05 11:24:31','2021-09-05 11:24:31'),(229,'Claire','Faure','USER','bmuller@hotmail.fr','+33 (0)3 04 79 94 06',NULL,'85b4bb3145bb08769b118f187c88d4f9847c4bd9e75628d002296014','2021-09-05 11:24:31','2021-09-05 11:24:31'),(230,'Michelle','Clerc','USER','antoinette74@club-internet.fr','+33 (0)2 29 24 47 56',NULL,'0846230fbec55cf9c259a10167991858c78ee9f43a31541d3c0b1974','2021-09-05 11:24:31','2021-09-05 11:24:31'),(231,'Théophile','Lenoir','USER','hoarauzoe@voila.fr','+33 5 58 35 03 51',NULL,'08095506a48d0ec168d902caa421290300a690bd6e176a755444e9b3','2021-09-05 11:24:31','2021-09-05 11:24:31'),(232,'Geneviève','Begue','USER','zdias@live.com','0272015591',NULL,'7f662072551af404acd88e1ca77910af27be3cd4b22c3e16baf8cb2d','2021-09-05 11:24:31','2021-09-05 11:24:31'),(233,'Élise','Bonneau','USER','patricia03@sfr.fr','01 81 95 00 15',NULL,'4e282f3a24075c6b182113e1b7beb5512bc66614819d06942c168e25','2021-09-05 11:24:31','2021-09-05 11:24:31'),(234,'Julie','Devaux','USER','xbarre@bouygtel.fr','01 05 34 83 13',NULL,'406b03aadde1c95873839558d0b9f1f958a864d74decd6d6494fa8e5','2021-09-05 11:24:31','2021-09-05 11:24:31'),(235,'Corinne','Nguyen','USER','rivierealexandrie@dbmail.com','+33 (0)3 35 30 97 84',NULL,'6543350e42cbf2cc87e8ec5188431c34c71374e45db8e686f0fd8415','2021-09-05 11:24:31','2021-09-05 11:24:31'),(236,'Marcel','Benard','USER','reynaudadele@sfr.fr','0139785310',NULL,'62624d0bd3c50320c0e4111647b0a8e63cb3c393cddf7dd74bccd88e','2021-09-05 11:24:31','2021-09-05 11:24:31'),(237,'Susanne','Evrard','USER','zpoulain@laposte.net','01 83 40 64 70',NULL,'81165b7fc9d68d6b109eeab4db2ffe519178d10518aded94c98c3e99','2021-09-05 11:24:31','2021-09-05 11:24:31'),(238,'Antoine','Guillou','USER','fleurygenevieve@dbmail.com','+33 3 07 72 30 19',NULL,'e9667a804824b8b86495e380e4fc9d560a6d8d72d12db0f232068df5','2021-09-05 11:24:31','2021-09-05 11:24:31'),(239,'Lucas','Boutin','USER','durandhonore@laposte.net','0554406156',NULL,'a3f92acc6af171682093b30b54f2fed7e3c9adcc761b07130adb435f','2021-09-05 11:24:31','2021-09-05 11:24:31'),(240,'Timothée','Launay','USER','ncolin@free.fr','+33 2 00 11 61 42',NULL,'696fa4043ab3ddc3adbfcf203c2bfe84efe5232e5e4b082e7b1f9482','2021-09-05 11:24:31','2021-09-05 11:24:31'),(241,'daisy','Denis','USER','mauryrobert@ifrance.com','+33 4 13 99 12 30',NULL,'68e1a2ad800d9fffe0a30c1dab76f62baf35caf59f753f7f5fea03e2','2021-09-05 11:24:31','2021-09-05 11:24:31'),(242,'Aurélie','Philippe','USER','aetienne@club-internet.fr','+33 5 34 99 51 06',NULL,'8a06e10f7e26ce9a3debc5a9161c01c532f4bf381ece923064089a24','2021-09-05 11:24:31','2021-09-05 11:24:31'),(243,'Guillaume','Lebrun','USER','mariannebertin@yahoo.fr','03 67 88 23 47',NULL,'19c35603ec4e55338beacbeae94b968640546e46a74c94f6cb985a9a','2021-09-05 11:24:31','2021-09-05 11:24:31'),(244,'Margaux','Henry','USER','victoire90@tiscali.fr','+33 8 09 02 31 28',NULL,'d9e6390be9380a15ed6311416f2b3109cdc7d0f4c6c5bf0fc4a4718c','2021-09-05 11:24:31','2021-09-05 11:24:31'),(245,'Roland','Joseph','USER','michelerousset@yahoo.fr','+33 (0)1 98 76 24 43',NULL,'29e2b7315ec43040e639804c6a0a3d57c702fd4651675db379ee2cff','2021-09-05 11:24:31','2021-09-05 11:24:31'),(246,'Jacqueline','Benard','USER','tgimenez@laposte.net','0180799225',NULL,'3ae05e8f37df5e4283f1ecad2cd998db94b0d8e641d4e892cb181360','2021-09-05 11:24:31','2021-09-05 11:24:31'),(247,'Sabine','Camus','USER','michelle72@dbmail.com','03 20 45 85 56',NULL,'baca22081f5e3d5db2173483cb96a5d4521e9b4aa8f972c98464ba78','2021-09-05 11:24:31','2021-09-05 11:24:31'),(248,'Auguste','Allain','USER','louisblin@club-internet.fr','+33 (0)2 66 82 31 13',NULL,'1386188ac87ad6d5b519b48f095eaeb8682671f04cd4fb29e7fc0f68','2021-09-05 11:24:31','2021-09-05 11:24:31'),(249,'Dorothée','Gregoire','USER','dalexandre@wanadoo.fr','+33 (0)2 60 60 63 58',NULL,'b134d6c6869f5613e404abb09e7fdd76e3a89e244c0351004689f834','2021-09-05 11:24:31','2021-09-05 11:24:31'),(250,'Brigitte','Lopes','USER','laurevallet@dbmail.com','+33 8 02 99 87 52',NULL,'fba24954d63687af2ab601645665cc82a38cea2b0e7ab99039bbaca6','2021-09-05 11:24:31','2021-09-05 11:24:31'),(251,'Théophile','Petitjean','USER','tristan23@laposte.net','+33 (0)1 71 82 22 27',NULL,'f344f4696f79768fc0a007d845f8e970e2cfe88e0246f5fd454f72b7','2021-09-05 11:24:31','2021-09-05 11:24:31'),(252,'Michelle','Gomes','USER','sophie29@orange.fr','+33 (0)4 81 13 54 27',NULL,'14d7457ea306b1d0f3b5a4c29b01a353b8e4f11a16b96b93916e9c74','2021-09-05 11:24:31','2021-09-05 11:24:31'),(253,'Frédéric','Mary','USER','constance60@free.fr','08 06 24 52 75',NULL,'0d420016e60849938205d86c248553888c20422afac2445eb290b829','2021-09-05 11:24:31','2021-09-05 11:24:31'),(254,'Odette','Maurice','USER','marcelledescamps@bouygtel.fr','+33 (0)3 20 60 37 38',NULL,'3cde510ffcd68c6fa1988959d783b5c5754cb843f6c08b96c9322440','2021-09-05 11:24:31','2021-09-05 11:24:31'),(255,'Émilie','Lebon','USER','bclerc@live.com','0689357262',NULL,'dc570cd0b267355c5b2100a285c0d9f4aafd343a9646f09661e0b4ea','2021-09-05 11:24:31','2021-09-05 11:24:31'),(256,'Émilie','Salmon','USER','georges47@laposte.net','0143394369',NULL,'d2f38d6cb7ef4f3459cad3763ad00cab5890dfe43c56194d2a05ff44','2021-09-05 11:24:31','2021-09-05 11:24:31'),(257,'Bernadette','Voisin','USER','xlucas@wanadoo.fr','+33 1 41 36 03 82',NULL,'f31dfc2c3e02d481ed759b5c273f48ae45119328b2353410242129af','2021-09-05 11:24:31','2021-09-05 11:24:31'),(258,'Antoine','Ferreira','USER','olivietorres@free.fr','+33 (0)8 04 51 19 38',NULL,'00a90b8ee04d702e8968127105fff61e9aa63b9cebbc7568cc1f7668','2021-09-05 11:24:31','2021-09-05 11:24:31'),(259,'Henriette','Chauvin','USER','zgiraud@dbmail.com','0684247386',NULL,'90cd1e93662604f012248db1c527566c98471230734865f5513b4c77','2021-09-05 11:24:31','2021-09-05 11:24:31'),(260,'Marthe','Barbier','USER','richardferreira@hotmail.fr','+33 (0)6 11 52 79 44',NULL,'150044fd9607449487460294712a62d3c2f5ca9f0a36e677280f8f07','2021-09-05 11:24:31','2021-09-05 11:24:31'),(261,'Constance','Bouchet','USER','blanchardcelina@yahoo.fr','+33 (0)5 14 38 41 22',NULL,'d7b6cd8243f6597a743c1c12c94f62e3699c2c3ffd66f614a97a8b03','2021-09-05 11:24:31','2021-09-05 11:24:31'),(262,'Marie','Bertin','USER','sdiaz@hotmail.fr','01 22 13 48 72',NULL,'90315c9213a718ef9adfd81428951435e3f17b86ee22ca810b340db6','2021-09-05 11:24:31','2021-09-05 11:24:31'),(263,'Dorothée','Ferreira','USER','germainjulien@laposte.net','+33 (0)5 05 24 26 39',NULL,'f1d895bf9d98d01b8ebb40bc8d9970082da67361359584ce978cae1d','2021-09-05 11:24:31','2021-09-05 11:24:31'),(264,'Geneviève','Fournier','USER','marianne96@laposte.net','0198998173',NULL,'8c2d1c19181eafb8a69b8646584e2055d16818cbbfe9be5175d68be4','2021-09-05 11:24:31','2021-09-05 11:24:31'),(265,'Caroline','Lefort','USER','nicolasdupre@sfr.fr','0202505589',NULL,'481023b4a403b2cd93e0e0e431460118eebf97741857614881dec202','2021-09-05 11:24:31','2021-09-05 11:24:31'),(266,'Éléonore','Fournier','USER','stephanie20@hotmail.fr','+33 (0)6 93 21 06 53',NULL,'d39e47173562a1359c3917c48aa0c54368f3fe1ee8a73f44b03d4b8e','2021-09-05 11:24:31','2021-09-05 11:24:31'),(267,'Jeannine','Ramos','USER','audrey98@hotmail.fr','02 17 83 88 53',NULL,'de6ff74c50629053c8a67458b091b61b3c24132e3c27c6af214ba2ab','2021-09-05 11:24:31','2021-09-05 11:24:31'),(268,'Aurore','Buisson','USER','anouknoel@noos.fr','+33 5 70 21 51 80',NULL,'7421041b917db47b5a7bd3a3429a4b97f42c43151df3b47cb888ba8c','2021-09-05 11:24:31','2021-09-05 11:24:31'),(269,'Stéphane','Humbert','USER','cmahe@club-internet.fr','0635058625',NULL,'a9e2c5e000e3bb388a787201255615bef2ac4c829f56c778ee0a5ee5','2021-09-05 11:24:31','2021-09-05 11:24:31'),(270,'Astrid','Bernier','USER','lucasdescamps@wanadoo.fr','06 49 14 64 00',NULL,'f1e6328c27c9f4484500c0ce4877ea23a1b44683423c8094d003d17f','2021-09-05 11:24:31','2021-09-05 11:24:31'),(271,'Lucy','Lopez','USER','bguichard@hotmail.fr','+33 2 27 40 77 95',NULL,'8509fe4df2fa69abfce351db5768679b2643482fbecc7d8e1272386a','2021-09-05 11:24:31','2021-09-05 11:24:31'),(272,'Luc','Dubois','USER','bernadette46@tiscali.fr','+33 (0)1 34 64 13 66',NULL,'b23fc948aee3643396bec040886a51db1c2556ba1c302a1950709592','2021-09-05 11:24:31','2021-09-05 11:24:31'),(273,'Anaïs','Bodin','USER','charles17@live.com','0193549778',NULL,'8fc901805bcc1dddc731a823ecc31aed3a48422c8cc590b480072b3b','2021-09-05 11:24:31','2021-09-05 11:24:31'),(274,'Alexandria','Le Goff','USER','ogermain@club-internet.fr','01 46 71 75 58',NULL,'58f65b0555a3af7db2ec3068c6ac8e859a9833c42abbdd8741755690','2021-09-05 11:24:31','2021-09-05 11:24:31'),(275,'Alexandrie','Clement','USER','gillesevrard@orange.fr','+33 (0)8 05 69 19 79',NULL,'c9491888d5bf06c0b1d1adaae8e786b09b1d837f9eb9cd7b4a3db62d','2021-09-05 11:24:31','2021-09-05 11:24:31'),(276,'Lucy','Robert','USER','christophebaron@tele2.fr','0594093529',NULL,'db94b25e18920d21ec8bb224b15336b10796b4b0858b9b09fe425864','2021-09-05 11:24:31','2021-09-05 11:24:31'),(277,'Céline','Muller','USER','raymondalice@noos.fr','04 26 09 53 29',NULL,'9a74a72ebfb648a76569df82b853bfe3f5f964fb91423d9d1c257164','2021-09-05 11:24:31','2021-09-05 11:24:31'),(278,'Maggie','Auger','USER','suzanne07@hotmail.fr','01 46 56 55 39',NULL,'7a31ae119421c9fdb4e065fe019ff856d30fb6d0b59bdd2d1157c4aa','2021-09-05 11:24:31','2021-09-05 11:24:31'),(279,'Michel','Delmas','USER','tbenard@voila.fr','+33 6 40 66 44 82',NULL,'8cda34f786891d488efd7a45694eb7035b696d6c579e520b3df39f75','2021-09-05 11:24:31','2021-09-05 11:24:31'),(280,'Alexandrie','Legros','USER','josettepereira@voila.fr','+33 (0)1 68 67 75 69',NULL,'94cff05fd5eadaa2452b104ad7dcaf807257646409bc0a05bf259259','2021-09-05 11:24:31','2021-09-05 11:24:31'),(281,'Hortense','Bouvier','USER','marthe04@hotmail.fr','01 60 72 23 86',NULL,'df46a894f9c82ecb8fe59d34ce20aca48583b5833b7116e503368f2e','2021-09-05 11:24:31','2021-09-05 11:24:31'),(282,'Victor','Lecomte','USER','francoiseguillon@sfr.fr','+33 1 41 73 81 30',NULL,'b971c46fac53ad2bacdc60f6cce70187469925e53cd7a947b6d747d3','2021-09-05 11:24:31','2021-09-05 11:24:31'),(283,'Élise','Fischer','USER','chevallieredouard@noos.fr','02 33 05 33 85',NULL,'e212294225ee0f3115da69b09757ce607092bbca5f26ab671f354b61','2021-09-05 11:24:31','2021-09-05 11:24:31'),(284,'Agathe','De Oliveira','USER','ledouxxavier@ifrance.com','+33 2 05 72 06 90',NULL,'26cbd5879ea1a0a49e5dd198963d0fb13837a4640d29921d0d71e398','2021-09-05 11:24:31','2021-09-05 11:24:31'),(285,'Élise','Chauvin','USER','gregoire83@orange.fr','0601068114',NULL,'058acc47d47f48b223560a0ade599b83e0da928ef93e9960e83190f6','2021-09-05 11:24:31','2021-09-05 11:24:31'),(286,'Audrey','Diallo','USER','martinebertin@orange.fr','+33 (0)4 30 31 72 62',NULL,'48598270491ea315a814f7e2ea8506cc41aeb33dd3ee7dd4e3956aa1','2021-09-05 11:24:31','2021-09-05 11:24:31'),(287,'Maryse','Bouvier','USER','lesagezoe@sfr.fr','+33 (0)1 07 98 08 75',NULL,'8932c32b4e9198f9c2462a0edd00afa700fd84bd59fa91ce189af497','2021-09-05 11:24:31','2021-09-05 11:24:31'),(288,'Gérard','Vallet','USER','hlejeune@club-internet.fr','+33 (0)1 46 85 68 49',NULL,'d221ccb6c37f6dfcd355dac33268d46a2f1e3e7ec7afd0601637a089','2021-09-05 11:24:31','2021-09-05 11:24:31'),(289,'Émilie','Chretien','USER','fabremartin@ifrance.com','01 05 44 11 65',NULL,'49f3cbc292abea4594eaee270412432d5e242b0328129d0d6cff881e','2021-09-05 11:24:31','2021-09-05 11:24:31'),(290,'Maryse','Salmon','USER','peltierraymond@free.fr','+33 8 03 99 47 77',NULL,'eaad68f81f3962e1ff6e35382880fec016cf146486c045bb8876bd6f','2021-09-05 11:24:31','2021-09-05 11:24:31'),(291,'Nath','Torres','USER','williammarques@wanadoo.fr','06 22 55 97 57',NULL,'9517876018bdc77486411191d25012c3988976fc6f91f9a5c6f0c9f6','2021-09-05 11:24:31','2021-09-05 11:24:31'),(292,'Suzanne','Olivier','USER','pierre28@wanadoo.fr','06 04 80 33 28',NULL,'22b2afece1dc666ccfb9e71e413f084867a7ad71e96aa0c6609c31a5','2021-09-05 11:24:31','2021-09-05 11:24:31'),(293,'Émilie','Lejeune','USER','ilagarde@orange.fr','0184527923',NULL,'10fdf9f7512d0873585da1413f8277f1c27b2b62e6c6eb223c88c0f5','2021-09-05 11:24:31','2021-09-05 11:24:31'),(294,'Victor','Roux','USER','olivie98@bouygtel.fr','06 87 11 90 98',NULL,'e9fc0ac54e75cee9e7a9068a733e236644da7e45edd68f58c644ad3d','2021-09-05 11:24:31','2021-09-05 11:24:31'),(295,'Audrey','Hardy','USER','denisepoulain@noos.fr','+33 5 36 52 95 77',NULL,'72ae0213ff3b54d87a12bad3bd69d52d05430208d9c624e7b0344b20','2021-09-05 11:24:31','2021-09-05 11:24:31'),(296,'Patrick','Benoit','USER','abonnin@laposte.net','+33 (0)3 45 13 91 46',NULL,'ce8ac43e6c5fc38d04040101bb4d17afa191ddd95e28b67903ab20af','2021-09-05 11:24:31','2021-09-05 11:24:31'),(297,'Stéphane','Huet','USER','lenoirrenee@live.com','0802635715',NULL,'3dadc78e58b8b0226e021ea308d1bf5453033e6e250b3827f2b848fc','2021-09-05 11:24:31','2021-09-05 11:24:31'),(298,'Tristan','Michel','USER','fouquetmargot@tiscali.fr','+33 (0)8 07 99 40 80',NULL,'8f3f35c1227703c4379d2fab71e7ede1e188a7ded3ba8ed67c1d7684','2021-09-05 11:24:31','2021-09-05 11:24:31'),(299,'Émile','Gautier','USER','carrejeanne@tiscali.fr','02 27 25 81 54',NULL,'44a49a47cfe4469365a2359533330553129d4e1a9d3ee809bbc0ecf5','2021-09-05 11:24:31','2021-09-05 11:24:31'),(300,'Émile','Gomez','USER','clercjean@bouygtel.fr','+33 8 06 05 49 65',NULL,'0278038ce9327c9ea14a46c33a8c6b8cfa739d0b9b0e7a372ed16e7c','2021-09-05 11:24:31','2021-09-05 11:24:31'),(301,'Henriette','Nicolas','USER','robert84@bouygtel.fr','+33 (0)4 02 55 15 50',NULL,'035abd6805a32be0cf1240cb6770ee9f5a9f272ccaedf1dd027f360b','2021-09-05 11:24:31','2021-09-05 11:24:31'),(302,'Agathe','Pruvost','USER','maggie59@orange.fr','+33 8 05 85 62 02',NULL,'72cb80656ab794a885707a522c47faba1b737272f08a69f90196a46a','2021-09-05 11:24:31','2021-09-05 11:24:31'),(303,'Monique','Besson','USER','picardlucy@tiscali.fr','+33 2 46 63 97 88',NULL,'7e8497f3ac40271e2d5b7c036d884bcf7355f87300661f56e55da0c5','2021-09-05 11:24:31','2021-09-05 11:24:31'),(304,'Guy','Buisson','USER','malletaime@sfr.fr','0178703976',NULL,'8c71138f30e05f84bb3e2584091082dc3c7917dd997b8a00eab7ee56','2021-09-05 11:24:31','2021-09-05 11:24:31'),(305,'Marguerite','Schneider','USER','lucasvoisin@bouygtel.fr','0483760110',NULL,'9af78f6af98cc108392646ae18a088d438b9a7029b5f1ea241d3e449','2021-09-05 11:24:31','2021-09-05 11:24:31'),(306,'Marthe','Seguin','USER','julietteleclerc@yahoo.fr','+33 (0)3 54 20 95 23',NULL,'c557c77a72fe8add9c19d3b3e30e6539a2bf85d15fe685d26a3ba8ff','2021-09-05 11:24:31','2021-09-05 11:24:31'),(307,'Guy','Rousset','USER','daisy44@gmail.com','+33 (0)5 32 97 41 66',NULL,'5718ebdd2c205065ff26c1754305602f1140260dc76b61946b5068c4','2021-09-05 11:24:31','2021-09-05 11:24:31'),(308,'Gabriel','Aubert','USER','olivier16@bouygtel.fr','+33 8 05 97 67 50',NULL,'48297e0009351895bdec12a5b58a7865ff07eca42b3e869929406da0','2021-09-05 11:24:31','2021-09-05 11:24:31'),(309,'Inès','Joseph','USER','claudine61@laposte.net','0605302799',NULL,'e095509e065dea8cea26db73005d20aadae84cf6e19ca273ada6a4f8','2021-09-05 11:24:31','2021-09-05 11:24:31'),(310,'Jacqueline','Foucher','USER','kalbert@dbmail.com','0481925018',NULL,'3d249dc2e7f399616c3f237e8d5b4af177c52033c189f5cda44f7a46','2021-09-05 11:24:31','2021-09-05 11:24:31'),(311,'Lucas','Guichard','USER','manondijoux@free.fr','+33 3 67 68 03 44',NULL,'9f959f8fe9c9ff26b58ce933f6bcde91c417aa7f2b3bf7ff22f3cc73','2021-09-05 11:24:31','2021-09-05 11:24:31'),(312,'Théophile','Pruvost','USER','anastasie54@orange.fr','04 44 18 97 56',NULL,'0adcf69e74b136a21c9854a2b45a70751d15210f5cfc618e2c642fc3','2021-09-05 11:24:31','2021-09-05 11:24:31'),(313,'Laurent','Morvan','USER','salmongabrielle@live.com','0660552688',NULL,'1282ffa4eb66a85cab476808c5b182f7b8efeaa813291ad1704f7ee2','2021-09-05 11:24:31','2021-09-05 11:24:31'),(314,'Patrick','Etienne','USER','gilbert11@dbmail.com','+33 (0)5 38 37 97 80',NULL,'d595c45917460f7f8ceaa429c200a65d788cece289c8df7e46d715de','2021-09-05 11:24:31','2021-09-05 11:24:31'),(315,'Henriette','Begue','USER','nbesnard@voila.fr','+33 6 66 33 49 00',NULL,'75a74e21ece748896ad14ad11fbc13d51108443b612bbdb7e33bb29d','2021-09-05 11:24:31','2021-09-05 11:24:31'),(316,'Luce','Marques','USER','parischristophe@bouygtel.fr','01 27 35 65 91',NULL,'7b77fe5503c5b0bb7b2f0a2e099986a99f0210abf0e6cb6f9b9f60df','2021-09-05 11:24:31','2021-09-05 11:24:31'),(317,'Noémi','Menard','USER','blanchardmarianne@hotmail.fr','+33 (0)2 99 14 95 35',NULL,'e8ee4c36518be411538e3b541dbaf2d52f067035691758928241609f','2021-09-05 11:24:31','2021-09-05 11:24:31'),(318,'Jean','Rousset','USER','fchauveau@noos.fr','+33 (0)2 45 40 24 97',NULL,'1120781b591505b0807b6bf97166c72e7177e31806218b6f20ecff3a','2021-09-05 11:24:31','2021-09-05 11:24:31'),(319,'Claire','Normand','USER','boucherthierry@dbmail.com','+33 6 57 65 17 26',NULL,'8583cbe9e761c37a8a9aa0247f733e57f4e5f2f3edcee8f0a6e14376','2021-09-05 11:24:31','2021-09-05 11:24:31'),(320,'Alain','Descamps','USER','olivierrenault@orange.fr','0166405692',NULL,'5cdd738ae2824326571fc4c5b083f838426f4573a90f619625ffa2a7','2021-09-05 11:24:31','2021-09-05 11:24:31'),(321,'Isaac','Lagarde','USER','meyerpaulette@bouygtel.fr','06 18 75 14 49',NULL,'6b914e71ac883345bce775b14ec55e03479711fb9c8c1bf647a22f21','2021-09-05 11:24:31','2021-09-05 11:24:31'),(322,'Thibaut','Mahe','USER','vincent33@orange.fr','+33 (0)6 48 71 31 36',NULL,'a8dc88078600a85dda04335c5bc58454df70210d26fb6e425bf81b48','2021-09-05 11:24:31','2021-09-05 11:24:31'),(323,'Laetitia','Pinto','USER','schneidervirginie@orange.fr','+33 5 68 60 27 89',NULL,'a75735b4a0a30a4488c501b4a214f2f1a1f11ee031d1c62871e4c47a','2021-09-05 11:24:31','2021-09-05 11:24:31'),(324,'Joséphine','Gay','USER','baudryelisabeth@ifrance.com','+33 (0)1 76 09 90 18',NULL,'c71465824f923e6cc6d21e45f12d1043ccba77c741474116693ca284','2021-09-05 11:24:31','2021-09-05 11:24:31'),(325,'Franck','Leger','USER','poulainemmanuelle@noos.fr','0100453731',NULL,'7cfea528c98db48d257c6ca100d44f6827026636e7ebeffa21cc6797','2021-09-05 11:24:31','2021-09-05 11:24:31'),(326,'Isabelle','Allard','USER','benjamin61@sfr.fr','0107880383',NULL,'8aa3f48fea41a7a6d6ae8884a2f5ad94e2c8124a8702648520f6703e','2021-09-05 11:24:31','2021-09-05 11:24:31'),(327,'Thibault','Martineau','USER','levequeantoinette@club-internet.fr','01 11 97 49 74',NULL,'e1b2bdd88f9fd81daa0d40468fc380601ffe7ac4539e81915671692c','2021-09-05 11:24:31','2021-09-05 11:24:31'),(328,'Marine','Gomez','USER','floiseau@wanadoo.fr','03 77 93 45 57',NULL,'0959f57387cbaa3c651e42d985210a8384bde96789673fe1ff3eaff3','2021-09-05 11:24:31','2021-09-05 11:24:31'),(329,'Margot','Julien','USER','hbarbier@bouygtel.fr','+33 6 67 62 12 52',NULL,'e93483419ce7ba5d73bbdb5a0a217f840754941a0b005870416072ba','2021-09-05 11:24:31','2021-09-05 11:24:31'),(330,'François','Berthelot','USER','andreebreton@live.com','+33 4 47 50 95 04',NULL,'63a5af1d516c29199ad0f6e497032df77b2d3bb23c7588eff382ef7d','2021-09-05 11:24:31','2021-09-05 11:24:31'),(331,'Guillaume','Langlois','USER','martinepasquier@sfr.fr','0377399854',NULL,'6305afe948b5d5f6974eefd8d02b4b42ee91931a5d7c4c78b902fd7a','2021-09-05 11:24:31','2021-09-05 11:24:31'),(332,'William','Robin','USER','nmendes@gmail.com','+33 (0)6 41 57 02 15',NULL,'088d2fb9462329c273598342b69284ef4ffcac8246bd4a1c205ed2da','2021-09-05 11:24:31','2021-09-05 11:24:31'),(333,'Léon','Lombard','USER','marcel75@tele2.fr','+33 (0)1 94 73 67 56',NULL,'049b8479611ce898e1613e4d164a40c81ae3843f70de5ad27bee03f4','2021-09-05 11:24:31','2021-09-05 11:24:31'),(334,'Adrienne','Barthelemy','USER','maceelisabeth@ifrance.com','0356146932',NULL,'399e115365e1f76a97873d1df3a536e6d4823d10e91b1fd57ce1043f','2021-09-05 11:24:31','2021-09-05 11:24:31'),(335,'Emmanuelle','Weber','USER','fleleu@sfr.fr','0569209617',NULL,'ba4544c447da769703d67e19726f52ffb8676861ce89dead746600a9','2021-09-05 11:24:31','2021-09-05 11:24:31'),(336,'Julien','Vincent','USER','anaislemaitre@wanadoo.fr','0374247999',NULL,'6cde4e09cebf0899c9266d1daf18ecf0acde8b65ea9a9ba272768e18','2021-09-05 11:24:31','2021-09-05 11:24:31'),(337,'Martin','Moreau','USER','bernadette43@ifrance.com','+33 (0)1 44 16 89 66',NULL,'5459d1c6ca48e28d4a2e6315a69c92d63dfd18e0444da7a5cfb96084','2021-09-05 11:24:31','2021-09-05 11:24:31'),(338,'Alexandre','Auger','USER','timotheeleclercq@live.com','+33 (0)4 97 49 97 34',NULL,'609d9f9e50c4d70d6ea448804da8ae3ee446178b7061f3a3c7317d9f','2021-09-05 11:24:31','2021-09-05 11:24:31'),(339,'Monique','Robert','USER','qperrot@orange.fr','08 00 14 55 89',NULL,'865fd3d14b878ecca5c0398046e6995c8c2e772b8a66b83ea5099441','2021-09-05 11:24:31','2021-09-05 11:24:31'),(340,'Alexandrie','Laine','USER','renaultmarianne@wanadoo.fr','0806748649',NULL,'be6e4704bf29dc983c14cef6d9b7dd23b85c0005bb401610052c944d','2021-09-05 11:24:31','2021-09-05 11:24:31'),(341,'Pauline','Michel','USER','mathieuadrienne@free.fr','+33 (0)2 09 63 98 01',NULL,'cc6b727a900471795300466c9f2b473ab2ff748bdb8b8487009f2c46','2021-09-05 11:24:31','2021-09-05 11:24:31'),(342,'Jean','Lemonnier','USER','gabrielleblanchard@tiscali.fr','0330012272',NULL,'3167fd36bb5e21a19e9dd29a1562b7b3ece5e7a08881631280021bf3','2021-09-05 11:24:31','2021-09-05 11:24:31'),(343,'Camille','David','USER','zdelattre@ifrance.com','03 65 87 80 14',NULL,'1f9488ca316721f566d24d3e35e287e9867d372b17956b0f451bddf6','2021-09-05 11:24:31','2021-09-05 11:24:31'),(344,'Bernard','Boucher','USER','duprelouis@sfr.fr','+33 (0)2 83 32 80 44',NULL,'f12c84be5dc2cb56217c8d105e783dada2dd72b95cf44d51625782b3','2021-09-05 11:24:31','2021-09-05 11:24:31'),(345,'Alexandre','Noel','USER','brigittejoubert@orange.fr','+33 1 07 05 98 69',NULL,'60ddab4b8b68822c00715cab30be81e99ad1c4fa8018ff19e54e68ba','2021-09-05 11:24:31','2021-09-05 11:24:31'),(346,'William','Bigot','USER','audrey17@live.com','+33 (0)1 28 97 32 70',NULL,'d09cb4e30cc543b203549c7016735691c695071bfaeff1c36b1a469a','2021-09-05 11:24:31','2021-09-05 11:24:31'),(347,'Virginie','Couturier','USER','costapatrick@live.com','+33 1 62 15 79 01',NULL,'1f9a0aa7b8d252a36097c5866d606aa9ad5f8a3a65f9174e7ea87327','2021-09-05 11:24:31','2021-09-05 11:24:31'),(348,'Yves','Marchal','USER','maurice97@yahoo.fr','01 52 84 00 30',NULL,'39fd18447b73e5b12f710669250add961a49267b84f2029d59b6db51','2021-09-05 11:24:31','2021-09-05 11:24:31'),(349,'Caroline','Bonneau','USER','william36@bouygtel.fr','0582334843',NULL,'31d18f9419865f8efbe818eec2c6f1101cf7a9471db95ac3243bb237','2021-09-05 11:24:31','2021-09-05 11:24:31'),(350,'Alexandre','Besson','USER','qperon@live.com','+33 (0)1 93 94 58 59',NULL,'705fad2eb48661a033eb8e2f5d8358b477d612d8f89d0b480676389b','2021-09-05 11:24:31','2021-09-05 11:24:31'),(351,'Arnaude','Jacquot','USER','tpereira@voila.fr','+33 1 01 34 33 14',NULL,'69e81658794c474a23f76ee951ff549154102d8a99b51a5e1be7c8fa','2021-09-05 11:24:31','2021-09-05 11:24:31'),(352,'Émile','Guibert','USER','laportedaisy@tiscali.fr','0351725529',NULL,'525492b40dd9b9bbcd07f9817d14f9693de795089374c93e0c93003f','2021-09-05 11:24:31','2021-09-05 11:24:31'),(353,'Benjamin','Baudry','USER','xlabbe@gmail.com','0805763158',NULL,'2f7a161e65685f73abb6269a8924a7a7b202f371291d9f8ff47f87be','2021-09-05 11:24:31','2021-09-05 11:24:31'),(354,'Henriette','Gautier','USER','hugues44@dbmail.com','0445131488',NULL,'b96c896cffaced979232f4d83616687c6c7097f6b0058906378205b8','2021-09-05 11:24:31','2021-09-05 11:24:31'),(355,'Michelle','Mallet','USER','clemencepages@gmail.com','+33 6 83 06 22 69',NULL,'ed865d16240802173e68ee0e68e193b8cabc25cee28ffbbc68d52dee','2021-09-05 11:24:31','2021-09-05 11:24:31'),(356,'Olivier','Benoit','USER','marechalmarine@bouygtel.fr','+33 4 50 14 08 92',NULL,'3fb5d0a2d74e3e2bd17cf94d75bedecc1fcc94e2a625eec0d6ed49fd','2021-09-05 11:24:31','2021-09-05 11:24:31'),(357,'Frédérique','Bernard','USER','barthelemybernard@yahoo.fr','0166821228',NULL,'1c58650c1294e59014866118f31171b40e7a51eeef92dd5d7da7d2ed','2021-09-05 11:24:31','2021-09-05 11:24:31'),(358,'François','Albert','USER','cadam@club-internet.fr','0207140561',NULL,'0d9e62f5384fb56f8cc3c17d1affd021ce50a6302010a288fed2a2b8','2021-09-05 11:24:31','2021-09-05 11:24:31'),(359,'Patrick','Lemaire','USER','nathgomes@dbmail.com','+33 1 71 83 25 27',NULL,'f41231cfb40ca40a1e02b0c35e2712efd1732fd464fbbdd61991c864','2021-09-05 11:24:31','2021-09-05 11:24:31'),(360,'Julien','Bourgeois','USER','rene26@dbmail.com','06 38 67 44 69',NULL,'34a8c0e6eae95731f8ed1c4ec92e29f46a2055afefa7c0059dde1324','2021-09-05 11:24:31','2021-09-05 11:24:31'),(361,'Anouk','Daniel','USER','bernadettemoulin@laposte.net','0117580243',NULL,'d6ab6774569e29a34bd60ab85b1b70b91e58ab9d5b59469e74cf3cdb','2021-09-05 11:24:31','2021-09-05 11:24:31'),(362,'Claude','Joly','USER','gnguyen@voila.fr','08 05 79 99 27',NULL,'a9f6b2d9e60c9acf7e27398436bd678f1a46f46779f8b96fe963a1ca','2021-09-05 11:24:31','2021-09-05 11:24:31'),(363,'Emmanuel','Payet','USER','claudinebaron@laposte.net','0155577192',NULL,'41e9524bee505d8aadedfd589ba73dc808fad46bd1d0d0d64051a8c9','2021-09-05 11:24:31','2021-09-05 11:24:31'),(364,'Gabrielle','Briand','USER','cbegue@tiscali.fr','+33 (0)5 81 93 88 52',NULL,'6eb0e53cbccb73396f55af9aaac24bbb8f13baf1e67ee1fb44762036','2021-09-05 11:24:31','2021-09-05 11:24:31'),(365,'Margaux','Marques','USER','eleonorepons@yahoo.fr','0142699339',NULL,'075ba3505811e65b6b8118617956b64fcb97c1d68a502dd1c96ed9f5','2021-09-05 11:24:31','2021-09-05 11:24:31'),(366,'Alphonse','Texier','USER','christophe89@free.fr','05 39 77 79 09',NULL,'aba2ac87d6e4d8929724c1b256d2da4b6950f8dbac2c84eb103d7d7d','2021-09-05 11:24:31','2021-09-05 11:24:31'),(367,'Suzanne','Delattre','USER','zoe16@dbmail.com','0119336676',NULL,'dadc5ecaa1c1db3b838946ac0bcdd5390fc41a013bcac4a99eb04d8d','2021-09-05 11:24:31','2021-09-05 11:24:31'),(368,'Éléonore','Guillon','USER','chantalguichard@sfr.fr','+33 3 56 88 56 79',NULL,'aac96c085e99207907865073bc52aad2a08f124c0ddf4ac5e26bcdd6','2021-09-05 11:24:31','2021-09-05 11:24:31'),(369,'Olivie','Leclercq','USER','clauderichard@noos.fr','0801062482',NULL,'ca1ebe7c5024735b3bb6b8e1247ab4e12fbaa6c9d04902ab1bf27a5c','2021-09-05 11:24:31','2021-09-05 11:24:31'),(370,'Catherine','Cordier','USER','cpoulain@wanadoo.fr','02 66 04 26 83',NULL,'213fe320b99c301465a6afc09598325d032ed61a355e7fc895ae7252','2021-09-05 11:24:31','2021-09-05 11:24:31'),(371,'Isaac','Collet','USER','costamargaud@tiscali.fr','0535792323',NULL,'d1384029fe6eec6eb8ad77c0292ec1e0104862e5ae0a1cd8b5891ecb','2021-09-05 11:24:31','2021-09-05 11:24:31'),(372,'Raymond','Morvan','USER','valentine47@sfr.fr','02 65 56 54 46',NULL,'70151d2861b96e1c1d080ac96e56a28755633f86f82a36a10f67f44d','2021-09-05 11:24:31','2021-09-05 11:24:31'),(373,'Suzanne','Samson','USER','gimeneznoemi@yahoo.fr','+33 6 67 45 19 77',NULL,'674125ff11e1e4c035ecb6bc5d2a59f75f58118d3b96e07ccb58da61','2021-09-05 11:24:31','2021-09-05 11:24:31'),(374,'Édith','Seguin','USER','uallard@dbmail.com','+33 (0)3 58 28 75 27',NULL,'f2efc5eec207afb2a4f0ed11ffe8ed181982b81c15efd8e7a5e00db4','2021-09-05 11:24:31','2021-09-05 11:24:31'),(375,'Laurence','Renault','USER','thomas72@gmail.com','+33 5 62 11 97 33',NULL,'7cd2dd3337bf6dc316599482d5396a0abb38722126b4280ec702e5bc','2021-09-05 11:24:31','2021-09-05 11:24:31'),(376,'Juliette','De Oliveira','USER','tristan88@bouygtel.fr','05 56 03 44 57',NULL,'e77d6bb3cd2d5ea21495bdf677a12990f3abfaa7cdecf5a7ddf4d3cd','2021-09-05 11:24:31','2021-09-05 11:24:31'),(377,'Louis','Guillou','USER','chartieragnes@noos.fr','0175790649',NULL,'bb6ff172affcbe44c40d6fd825b14c4f5baf1579677c92316e884eb7','2021-09-05 11:24:31','2021-09-05 11:24:31'),(378,'Aimé','Hamel','USER','ugonzalez@sfr.fr','0155228845',NULL,'66e1e8987ee17c5ace70d6df0db37991dbd9f313a3a35af36508032f','2021-09-05 11:24:31','2021-09-05 11:24:31'),(379,'Augustin','Gosselin','USER','bouvierrene@sfr.fr','08 00 16 07 52',NULL,'f8edf23e9354009dc2e53e3a973ae5370a791d046c9df33e5b909322','2021-09-05 11:24:31','2021-09-05 11:24:31'),(380,'Guy','Lejeune','USER','rollandtheodore@sfr.fr','+33 (0)3 36 35 27 31',NULL,'722bf1892d217af55aa1a9c5f75f0a67e2955622e807af058e3b724b','2021-09-05 11:24:31','2021-09-05 11:24:31'),(381,'François','Peltier','USER','renaultanouk@yahoo.fr','0156256590',NULL,'5ea532c19ab8c56e14558a0f9a163b2f28c30dd74152b6494c1073c3','2021-09-05 11:24:31','2021-09-05 11:24:31'),(382,'Jeanne','Le Gall','USER','zoe50@voila.fr','+33 (0)4 01 08 38 64',NULL,'754360d3f6b8895303c1efc596777b0a8283840ffbba4add8e46d317','2021-09-05 11:24:31','2021-09-05 11:24:31'),(383,'Auguste','Gomez','USER','bernard43@sfr.fr','+33 (0)8 00 36 76 09',NULL,'f1350ed8520cf6dd094bb8acc7ba4c742180d5853153b155bcb544a4','2021-09-05 11:24:31','2021-09-05 11:24:31'),(384,'Bertrand','Techer','USER','jjean@sfr.fr','08 09 91 89 77',NULL,'dd3b3d5c5525efbc819cc73cf7b6db08d5ccb0cb2832fcbdb3fe6784','2021-09-05 11:24:31','2021-09-05 11:24:31'),(385,'Astrid','Roux','USER','laurence84@ifrance.com','+33 2 67 95 35 30',NULL,'eda15cc40eba46f47f4e45506b2e53e4d223cf7b8ef114e3014ffc60','2021-09-05 11:24:31','2021-09-05 11:24:31'),(386,'Julien','Renault','USER','maillotisabelle@live.com','0170033015',NULL,'eb519ca0688ef0a9a7bf634950e441bfe9d864d49f8ceae4377157ee','2021-09-05 11:24:31','2021-09-05 11:24:31'),(387,'Thibault','Morvan','USER','julieleduc@dbmail.com','03 09 66 90 99',NULL,'033368e9e94178893619bb5454ca7d7dc96f46df632509d6166823d6','2021-09-05 11:24:31','2021-09-05 11:24:31'),(388,'William','Didier','USER','louistraore@free.fr','0330969360',NULL,'91b6d8d17b22f45951a78eb9ed06c44385d4316c40696b0c87177e47','2021-09-05 11:24:31','2021-09-05 11:24:31'),(389,'Lucie','Besnard','USER','richardperrot@tiscali.fr','08 04 39 53 79',NULL,'1f7f5856a3998386fb8b71db22a9bbd1a5fa8559e8ffff896c18bd50','2021-09-05 11:24:31','2021-09-05 11:24:31'),(390,'Théophile','Giraud','USER','balbert@gmail.com','+33 (0)8 05 27 24 73',NULL,'686be15f589517d48ec071147c15c2bedbe738bac46505aa9abf48ff','2021-09-05 11:24:31','2021-09-05 11:24:31'),(391,'Tristan','Mercier','USER','susan04@free.fr','0273681674',NULL,'09ee20f005bf78e99f1a2d8071dded677c6883c4682878e8b81ec318','2021-09-05 11:24:31','2021-09-05 11:24:31'),(392,'Dorothée','Da Costa','USER','raymondcollet@gmail.com','+33 (0)6 46 31 02 18',NULL,'fe766e25adf584d71a252431ceda7a8e633939dbf2172206c97ffb55','2021-09-05 11:24:31','2021-09-05 11:24:31'),(393,'Bernadette','Rocher','USER','gilletalex@orange.fr','+33 (0)2 80 88 00 92',NULL,'c61cbaf704d7375b89c1ebab941d8b8cc1f726f9949b3cb7723fd06e','2021-09-05 11:24:31','2021-09-05 11:24:31'),(394,'Pénélope','Vincent','USER','lucepires@ifrance.com','+33 6 10 52 34 34',NULL,'072350c252139132ca96a8dfceccae0261e280e3fcd306bf6a918255','2021-09-05 11:24:31','2021-09-05 11:24:31'),(395,'Hugues','Nguyen','USER','qgros@ifrance.com','02 63 90 49 96',NULL,'78b2c6200118bbb12a4cc0825a7683c9dffaa5d5ecf2e7080ed12444','2021-09-05 11:24:31','2021-09-05 11:24:31'),(396,'Nicole','Bousquet','USER','frocher@free.fr','0651972000',NULL,'d5e283d5aa4412c3342459a32bb986ab26ea9c2e7e02aef3694fc2cf','2021-09-05 11:24:31','2021-09-05 11:24:31'),(397,'Françoise','Guerin','USER','heberteric@tele2.fr','0802012747',NULL,'5e168aa4ba2ae375f03d4876ec6669751cb9378daeb7f00151d7cfad','2021-09-05 11:24:31','2021-09-05 11:24:31'),(398,'Alexandria','Blanc','USER','srenard@gmail.com','+33 2 00 37 81 27',NULL,'cf4f19ca4a7c9aa6426bcb85a8d392d20b3ed3515b08322f682f7e3e','2021-09-05 11:24:31','2021-09-05 11:24:31'),(399,'Jeannine','Dubois','USER','margueritebaudry@yahoo.fr','0185741485',NULL,'2792c979a8e1668f8aaaaf65b9b7b1310b50377469265be46a695e34','2021-09-05 11:24:31','2021-09-05 11:24:31'),(400,'Marcelle','Monnier','USER','suzanne80@tele2.fr','+33 (0)1 70 84 96 12',NULL,'a13b9966364504b2a4ddc002747cc1e230a8120ba4da9708fd620d46','2021-09-05 11:24:31','2021-09-05 11:24:31'),(401,'Renée','Raynaud','USER','albertalex@free.fr','+33 1 25 31 31 86',NULL,'f0291cd3460bcbbc867317645e5bebcfa92b247813abdf8722caa647','2021-09-05 11:24:31','2021-09-05 11:24:31'),(402,'Luce','Ferrand','USER','anastasielecomte@tiscali.fr','+33 (0)6 12 78 84 54',NULL,'892dc0ba252527d337a3f43d023fb3d4a1f225d4bf7e0c5db8ba7179','2021-09-05 11:24:31','2021-09-05 11:24:31'),(403,'Laurent','Carre','USER','ferreiraelisabeth@laposte.net','0410180871',NULL,'e6802d748b1855bb047ceaf0df2f93e1589f8a36dca52cb09b70c802','2021-09-05 11:24:31','2021-09-05 11:24:31'),(404,'Claudine','Etienne','USER','amartel@hotmail.fr','08 04 31 26 23',NULL,'8f9a09d57dedcdea9f8c81d17841b9b6269d720990cba94ca013687e','2021-09-05 11:24:31','2021-09-05 11:24:31'),(405,'Étienne','Lemaire','USER','marguerite87@yahoo.fr','03 09 71 04 79',NULL,'6c6d259caa2aa40c4d8883bed018d3dbb0278b94e1401b6c71d9f279','2021-09-05 11:24:31','2021-09-05 11:24:31'),(406,'Hélène','Gomez','USER','efaivre@live.com','04 03 31 22 77',NULL,'1e3d709ec30866e449a07bdede57e668d7cb5fb44cb632fcc80581cd','2021-09-05 11:24:31','2021-09-05 11:24:31'),(407,'William','Coulon','USER','bodinbertrand@free.fr','01 01 63 98 06',NULL,'cbcce47cc9c802acd017e65c544da5d14a188ad34353d85297dbc5b4','2021-09-05 11:24:31','2021-09-05 11:24:31'),(408,'Yves','Barre','USER','epierre@ifrance.com','0198702267',NULL,'a7389ac5d544c3c7e9e7b6874e5855ac384e87a90ceeeb4281ff6b9e','2021-09-05 11:24:31','2021-09-05 11:24:31'),(409,'Claire','Gilbert','USER','laurentgirard@wanadoo.fr','0382976711',NULL,'d39c4e6459e8a1e5edfa59477bc1be9432d4c789aeedd5637bc3d382','2021-09-05 11:24:31','2021-09-05 11:24:31'),(410,'Marie','Delmas','USER','david83@sfr.fr','+33 1 25 99 89 58',NULL,'6d02510843aa5e28022551ebd142eca26838ccd38a1c4fe9a7e4cda4','2021-09-05 11:24:31','2021-09-05 11:24:31'),(411,'Daniel','Aubert','USER','alvesleon@hotmail.fr','+33 (0)1 77 27 39 48',NULL,'7f3e5d9e32c07f49360c752cd5ea9d2d402a93bb52fee10a3ee075f5','2021-09-05 11:24:31','2021-09-05 11:24:31'),(412,'Henriette','Paul','USER','jules80@club-internet.fr','02 27 40 03 07',NULL,'a30c82bd3547f596083fb5b8f64b60916e452fd5169e30175922175e','2021-09-05 11:24:31','2021-09-05 11:24:31'),(413,'Valentine','Normand','USER','gaudinalain@dbmail.com','0576181465',NULL,'51cfd9cb8ef0eecfb204fac8ac9a8b32be3be935f8757b981667ac6e','2021-09-05 11:24:31','2021-09-05 11:24:31'),(414,'Henriette','Bouvet','USER','egonzalez@live.com','06 47 52 24 40',NULL,'8206eefd131010f59aef139f96267aed96677359118988d087676323','2021-09-05 11:24:31','2021-09-05 11:24:31'),(415,'Jacques','Aubry','USER','aurelieboutin@orange.fr','06 37 76 98 76',NULL,'7bb80b1acce1efe628dbb60c6e7aa6ac7d6c31479cc8be54fb41c8f4','2021-09-05 11:24:31','2021-09-05 11:24:31'),(416,'Virginie','Cohen','USER','hamelcorinne@noos.fr','0359663155',NULL,'39e1d3f3f0b10485963bfbe6dcdb1e5e990bdbcd170a00027f45dbd3','2021-09-05 11:24:31','2021-09-05 11:24:31'),(417,'Émilie','Coste','USER','cmorin@club-internet.fr','01 67 73 55 15',NULL,'2acbf1fd4ceeed20d314e5ef50ce485440236b491c4211144721b938','2021-09-05 11:24:31','2021-09-05 11:24:31'),(418,'Noël','Gonzalez','USER','etienne09@tele2.fr','+33 (0)1 73 79 63 45',NULL,'80f893891cca5347bc3c094460eec442ee16efbf868c2d30025159a9','2021-09-05 11:24:31','2021-09-05 11:24:31'),(419,'Éléonore','Dupuy','USER','bsauvage@gmail.com','+33 (0)3 37 54 23 55',NULL,'d205cf5e38c36d92b7443694472652250b0f05878bd47b5d6b219f17','2021-09-05 11:24:31','2021-09-05 11:24:31'),(420,'Alix','Duval','USER','dfrancois@ifrance.com','+33 1 25 63 26 96',NULL,'fe32891bc4e0a952951548929b2c5d6ea22b4fca7c9d69eeb78d519f','2021-09-05 11:24:31','2021-09-05 11:24:31'),(421,'Isabelle','Mace','USER','guilletbenjamin@free.fr','0491739556',NULL,'dcc12ef27c9881e2eef69dc8d83d38cdcab29122c53c09f1aa93c057','2021-09-05 11:24:31','2021-09-05 11:24:31'),(422,'Philippe','Teixeira','USER','pauline60@tiscali.fr','+33 (0)8 09 20 09 79',NULL,'1d380583484b521cdbb3ee6fc824a5a4c48d95870dd3c6c12ecc5eec','2021-09-05 11:24:31','2021-09-05 11:24:31'),(423,'Élise','Gregoire','USER','vincentsimone@wanadoo.fr','02 03 77 34 05',NULL,'5ad9c97d991e694d56b33926f5d165da1ce478cc87100e5af434e716','2021-09-05 11:24:31','2021-09-05 11:24:31'),(424,'Lucie','Millet','USER','cjacquet@dbmail.com','+33 2 02 94 28 85',NULL,'72f33f72ca9cb9946109542fe28fc6b6796cee4aca3c7a4c6012644c','2021-09-05 11:24:31','2021-09-05 11:24:31'),(425,'Emmanuelle','Gomes','USER','lrichard@gmail.com','02 63 39 94 96',NULL,'de7cf10e66a687159a894f3a2806ce83370725ead49e74b550e5ff42','2021-09-05 11:24:31','2021-09-05 11:24:31'),(426,'Frédéric','Marin','USER','joubertdaniel@noos.fr','+33 2 53 86 08 56',NULL,'fa7d1b35bfc632b09286c4512352d68e7abc8e9a69b796d062b8c2c3','2021-09-05 11:24:31','2021-09-05 11:24:31'),(427,'Christophe','Grondin','USER','ponsgregoire@noos.fr','0211502999',NULL,'fcbb0befb5c1293c965489f7b01670537da4fe91181ea5323db6ac60','2021-09-05 11:24:31','2021-09-05 11:24:31'),(428,'Bernard','Peltier','USER','alexandre75@tiscali.fr','+33 3 12 14 17 58',NULL,'64ed285b66f6ec902864e79812daec5d4e78f80d6d76af649f3b67d5','2021-09-05 11:24:31','2021-09-05 11:24:31'),(429,'Éric','Marie','USER','paulwagner@bouygtel.fr','0310762128',NULL,'10d9e0898d7ac69fbedff0291de5e58d0dab149887f2922118143d66','2021-09-05 11:24:31','2021-09-05 11:24:31'),(430,'Sabine','Humbert','USER','fournieredouard@noos.fr','0801237601',NULL,'0e48b9b8918fb0a0cb2851feb5563ef4f4fa47850e60cf25eaff1141','2021-09-05 11:24:31','2021-09-05 11:24:31'),(431,'Célina','Thibault','USER','daniel01@yahoo.fr','+33 (0)4 09 26 46 56',NULL,'69174529b5f62b7537a34773554ed3dfc604a396dd68bf98768732ed','2021-09-05 11:24:31','2021-09-05 11:24:31'),(432,'Adélaïde','Colin','USER','christelle12@orange.fr','01 19 42 51 21',NULL,'cca2216e9b44a119434df30dbba12fe23fdcff00957a718bd74db766','2021-09-05 11:24:31','2021-09-05 11:24:31'),(433,'Marie','Mercier','USER','cpetitjean@wanadoo.fr','+33 (0)4 50 56 30 09',NULL,'36cf2721bf44c8da89b392557bd79a47c8582c9412b023fc947ab9ee','2021-09-05 11:24:31','2021-09-05 11:24:31'),(434,'Margot','Vasseur','USER','valletjerome@orange.fr','02 32 05 25 41',NULL,'8d16b59f872441b8bf4df6c74f535efeb3da2bdd6ef613971572bcd8','2021-09-05 11:24:31','2021-09-05 11:24:31'),(435,'Margaux','Launay','USER','thomas48@tiscali.fr','0809879749',NULL,'8ecb311f46f19ea87428f7d33fd5866c549818079d803fa54f7e908e','2021-09-05 11:24:31','2021-09-05 11:24:31'),(436,'Luce','Carlier','USER','kboutin@club-internet.fr','+33 5 58 94 36 75',NULL,'8907ecd4899baba2e8b1c693fa738baafc044b7c06fe4f11eb2fa8f3','2021-09-05 11:24:31','2021-09-05 11:24:31'),(437,'Éric','Arnaud','USER','valentine30@tiscali.fr','+33 5 23 26 08 86',NULL,'3712de1cc61586359f8c5a3c5562c54121ca0772444983ed5a76c78d','2021-09-05 11:24:31','2021-09-05 11:24:31'),(438,'Henri','Munoz','USER','franck62@live.com','0638767815',NULL,'0cd362f422bc834bdd27cb95322a5b7a16b92f857d29a23cdcbecee6','2021-09-05 11:24:31','2021-09-05 11:24:31'),(439,'Claude','Pasquier','USER','timotheeguyon@hotmail.fr','+33 4 75 14 47 46',NULL,'ad3dd4b97c4c79cc4b200cb81cc58595dfb61092b63e9e3fb4ff98db','2021-09-05 11:24:31','2021-09-05 11:24:31'),(440,'Agathe','Gilles','USER','frederic09@dbmail.com','+33 (0)5 38 92 06 85',NULL,'8118c72ca165f5e5d178f406ec5680207ded03b9c6d9159a24ec2184','2021-09-05 11:24:31','2021-09-05 11:24:31'),(441,'Roger','Schmitt','USER','dschmitt@bouygtel.fr','+33 (0)5 40 65 92 03',NULL,'84b3a8f174853d75b4600d0de6ee0d8fa7ee902e9c439e843f4a200d','2021-09-05 11:24:31','2021-09-05 11:24:31'),(442,'Laetitia','Gerard','USER','lucevrard@tiscali.fr','02 47 87 31 70',NULL,'74a834053ee61a2ef078b12a32eefcddeca07dda5386f0f6223f2207','2021-09-05 11:24:31','2021-09-05 11:24:31'),(443,'Vincent','Colas','USER','dominique97@voila.fr','0456975015',NULL,'31a2ad8a3320bd9b5005d51e41f9e01c7c8ec85690e0a9d1f438b532','2021-09-05 11:24:31','2021-09-05 11:24:31'),(444,'Maurice','Sanchez','USER','perrierclaude@yahoo.fr','05 40 79 94 67',NULL,'58acf4c161a42ed0d5538d4439c45338ae243e4e084ca9c9012164c2','2021-09-05 11:24:31','2021-09-05 11:24:31'),(445,'Julien','Boulanger','USER','abarthelemy@tiscali.fr','+33 (0)1 48 63 40 82',NULL,'0b68d65fb73d67323260e2ff480c9740507cd55bba6fef4100aefb21','2021-09-05 11:24:31','2021-09-05 11:24:31'),(446,'Odette','Fernandez','USER','edith40@live.com','+33 (0)8 03 25 00 14',NULL,'366fc2bc28a8926675e42407cf615488f0d5c1f2baa462a33b22b724','2021-09-05 11:24:31','2021-09-05 11:24:31'),(447,'Henriette','Jacquet','USER','elise92@gmail.com','0212663318',NULL,'ec0c8ca6bdf60c62e265b22a9fde94f489be400374b50c0f549c7e75','2021-09-05 11:24:31','2021-09-05 11:24:31'),(448,'Alfred','Grondin','USER','madeleine32@sfr.fr','+33 8 05 44 69 63',NULL,'fbdad1da3cf194428a82fdb1c0f386eb68ac09b1f0b4b2389071fb50','2021-09-05 11:24:31','2021-09-05 11:24:31'),(449,'William','Fleury','USER','marchandantoine@wanadoo.fr','01 63 07 93 95',NULL,'0f5afe1c9888e8cc65f5c64033972c4e41f18f48f94a28b67dbd5961','2021-09-05 11:24:31','2021-09-05 11:24:31'),(450,'Alexandria','Legrand','USER','beckermathilde@live.com','01 45 70 28 81',NULL,'7e410e05aceaab9ce836d18fd4ae5a119c4b551214afcb88dcff8f92','2021-09-05 11:24:31','2021-09-05 11:24:31'),(451,'Constance','Lambert','USER','catherinehoareau@laposte.net','+33 1 55 26 45 89',NULL,'2834c93c73a85d80e4319d7277cd8e7e6fa43b2664ae026026dcf3bf','2021-09-05 11:24:31','2021-09-05 11:24:31'),(452,'Timothée','Jourdan','USER','franckperrot@laposte.net','+33 1 88 99 31 77',NULL,'012cf26cda1922c685e2d45a0ed6957ef3cea30008c5724b9d0d01c7','2021-09-05 11:24:31','2021-09-05 11:24:31'),(453,'Virginie','Carre','USER','hubertjean@bouygtel.fr','+33 (0)4 59 64 85 82',NULL,'648bc0104b85027a6a216918a97507ff5df707e8fe89da16cf5314f9','2021-09-05 11:24:31','2021-09-05 11:24:31'),(454,'Agnès','Parent','USER','tbaron@tele2.fr','0190184544',NULL,'2b0bd54a9cd3906f950ae2994ff78a95bac3d0d63070d4bdc6f4bec6','2021-09-05 11:24:31','2021-09-05 11:24:31'),(455,'André','Michaud','USER','merleedouard@laposte.net','0151695428',NULL,'70439a5d7586172acc4b2081bff172b8177ff48e9baf81399e1ae5cb','2021-09-05 11:24:31','2021-09-05 11:24:31'),(456,'Marine','Leger','USER','arthurfrancois@free.fr','03 06 91 27 93',NULL,'a13fa41c32998f5a8055a0feb993b0f30c46f55e1ec9f1bf2ea39710','2021-09-05 11:24:31','2021-09-05 11:24:31'),(457,'Nathalie','Hernandez','USER','gilles59@wanadoo.fr','+33 3 19 97 01 38',NULL,'ada7a503e7d4debc6dcd8bd86f13b1024f90377cdff7019b37db9d96','2021-09-05 11:24:31','2021-09-05 11:24:31'),(458,'Marianne','Letellier','USER','ygiraud@gmail.com','0102867855',NULL,'eb3aaa56d1d82c4859648a42cf5cb2040ccdceca79c7e780fea770ee','2021-09-05 11:24:31','2021-09-05 11:24:31'),(459,'Christophe','Didier','USER','marthecosta@wanadoo.fr','+33 2 04 47 59 77',NULL,'653f4facdf79da259ff27271bcfe1ae592ed17fb2c5aa34e1dd89dec','2021-09-05 11:24:31','2021-09-05 11:24:31'),(460,'Michelle','Potier','USER','roland96@orange.fr','+33 (0)2 45 91 58 25',NULL,'d1f920393bf0fa5e2a076e84b6b626e69199764c56ffccc87020c7d9','2021-09-05 11:24:31','2021-09-05 11:24:31'),(461,'Timothée','Leclerc','USER','isaac55@gmail.com','+33 6 66 10 66 33',NULL,'0c032392b697edd734848f00d832a3455ed27fe4196b506a9d94a97c','2021-09-05 11:24:31','2021-09-05 11:24:31'),(462,'Daniel','Becker','USER','xbigot@bouygtel.fr','06 80 58 83 51',NULL,'af569e66d328deca96ae8a78af0ac626e1a4561395db372cc1339a3d','2021-09-05 11:24:31','2021-09-05 11:24:31'),(463,'Audrey','Lemaire','USER','briandluce@free.fr','+33 3 76 98 20 77',NULL,'149b016120ef9a38053b696673829c8b2493c960360a605168b35e97','2021-09-05 11:24:31','2021-09-05 11:24:31'),(464,'Bernadette','Georges','USER','honoredelorme@wanadoo.fr','+33 4 76 49 97 93',NULL,'61d99da5af8ab7b766d85bce17a9145b245eecfb24fe4bc9c5d5a6eb','2021-09-05 11:24:31','2021-09-05 11:24:31'),(465,'Nathalie','Marty','USER','zdeschamps@gmail.com','0170194745',NULL,'7419313efb7bcb30cdeb5b5ea12e9f7a164d9c6d8d13fd1d9dcaf8ef','2021-09-05 11:24:31','2021-09-05 11:24:31'),(466,'Christophe','Etienne','USER','sophie85@bouygtel.fr','+33 (0)1 36 98 37 93',NULL,'0b032fe06c0a0a71b3307f65bc2149a65a847aac19295e4377d7ce6b','2021-09-05 11:24:31','2021-09-05 11:24:31'),(467,'Denise','Maillot','USER','morinrobert@laposte.net','+33 6 17 09 68 81',NULL,'8e51a6f8e341e12ccc51a9dc9ad10ac80cf63fda44d2a4f6d57f4d14','2021-09-05 11:24:31','2021-09-05 11:24:31'),(468,'Élise','Marin','USER','besnardpauline@orange.fr','01 18 14 05 28',NULL,'e94f97fbc4752d1a4b24f8ac4f69c9b34e9090be796d593103860276','2021-09-05 11:24:31','2021-09-05 11:24:31'),(469,'Aimée','Leclerc','USER','reylucie@dbmail.com','06 02 55 43 78',NULL,'6de98b7dc287eaaab48faf68a2e7864e06842d41c9c641f822b5f24d','2021-09-05 11:24:31','2021-09-05 11:24:31'),(470,'Nicole','Dijoux','USER','nevrard@laposte.net','0483631607',NULL,'537bec6d47324a39ca6377b72e7e8f90fdc415e120ec072b72bd80ba','2021-09-05 11:24:31','2021-09-05 11:24:31'),(471,'William','Coste','USER','inguyen@gmail.com','0609736979',NULL,'a762a7aad1cec2cd030530768eece602af7b0f6337a40b4d23f4accd','2021-09-05 11:24:31','2021-09-05 11:24:31'),(472,'Gabriel','Goncalves','USER','gvoisin@orange.fr','+33 (0)1 90 53 13 28',NULL,'d2899421e27bd901144561825e14089ac7fa8f4f778ef8d2b2deedfc','2021-09-05 11:24:31','2021-09-05 11:24:31'),(473,'Théodore','Tanguy','USER','pasquieraugustin@noos.fr','+33 (0)1 24 27 02 25',NULL,'289681746e3d34f9826d0b91717ab7ad40e4d730d7bf125f849b3257','2021-09-05 11:24:31','2021-09-05 11:24:31'),(474,'Suzanne','Gaudin','USER','patrick03@club-internet.fr','+33 (0)8 04 84 62 96',NULL,'b448e3d05739af6b0b8d982669776fc3f461ba95d7e9fe69c56226be','2021-09-05 11:24:31','2021-09-05 11:24:31'),(475,'Jérôme','Bazin','USER','jjoubert@laposte.net','+33 3 89 20 06 08',NULL,'08aa33e8676fe801fe0bba6f8ef9f4ab3ecaa7d1db7a1c92f20b4cff','2021-09-05 11:24:31','2021-09-05 11:24:31'),(476,'Xavier','Rousseau','USER','josette29@voila.fr','0253094186',NULL,'8f1bf44757ca5577389c887c4f37972e1c2a1558d04941b402d4e95b','2021-09-05 11:24:31','2021-09-05 11:24:31'),(477,'Honoré','Rodrigues','USER','nbecker@orange.fr','04 39 65 24 74',NULL,'4d770a3d36d16d059cb598780b49d1c998be3f188d4066088c18e1f8','2021-09-05 11:24:31','2021-09-05 11:24:31'),(478,'Sylvie','Adam','USER','alphonsemarechal@laposte.net','0691658965',NULL,'5b44b795636e71dab9f39c62a96721f5829e98bc90fdca821abd15d5','2021-09-05 11:24:31','2021-09-05 11:24:31'),(479,'Paulette','Besson','USER','egautier@free.fr','0649240170',NULL,'776f905f18c70e2f5f8664e942aeaa38389eac4ef9925113f48cac11','2021-09-05 11:24:31','2021-09-05 11:24:31'),(480,'Gérard','Brun','USER','audreychauvet@bouygtel.fr','01 14 44 29 86',NULL,'84454e33e26561a2e45121427bd85ebc19b6614656703e332c75d352','2021-09-05 11:24:31','2021-09-05 11:24:31'),(481,'Charlotte','Fontaine','USER','jcamus@laposte.net','+33 1 93 30 44 88',NULL,'a9b80164f755ef4162eefbe1c6dab9acffb3eab7ab5e394994bb03f0','2021-09-05 11:24:31','2021-09-05 11:24:31'),(482,'Auguste','Briand','USER','guyontheodore@noos.fr','0204035236',NULL,'326838024257186dbfc8cf32d8761dc72de5a7d42e2d0cdc3911594d','2021-09-05 11:24:31','2021-09-05 11:24:31'),(483,'Jacqueline','Legros','USER','emmanuelguillot@laposte.net','03 98 39 65 04',NULL,'101240c4227b0807558617ed81bc77958703dd8167864272b4f8f185','2021-09-05 11:24:31','2021-09-05 11:24:31'),(484,'Margaux','Courtois','USER','buissonjulie@bouygtel.fr','0138852129',NULL,'4e2659acab0dda81ac9575a2221a33fc100c255e93b698dac0b4b973','2021-09-05 11:24:31','2021-09-05 11:24:31'),(485,'Marine','Daniel','USER','iverdier@gmail.com','06 84 91 52 64',NULL,'7a9ff312ff1373af4db2e322b1ff8d6bf57bc1230f854db19a6ac1c8','2021-09-05 11:24:31','2021-09-05 11:24:31'),(486,'Valérie','Lefevre','USER','gillespereira@noos.fr','06 55 92 13 06',NULL,'1424c0f2fe15384db71ce1bbc840b06625af7a104d42cf1fcd241a17','2021-09-05 11:24:31','2021-09-05 11:24:31'),(487,'William','Munoz','USER','margaux86@bouygtel.fr','+33 (0)2 69 27 46 06',NULL,'85c53ae279966f62f5b81579dc2f0a3596ab848827a3bbef9266a05f','2021-09-05 11:24:31','2021-09-05 11:24:31'),(488,'Alexandre','Charles','USER','laurentlagarde@dbmail.com','0685363189',NULL,'3f1a8e2f99b491395ec5a353bbb0fec5a9c6387951919ecd14dae670','2021-09-05 11:24:31','2021-09-05 11:24:31'),(489,'Margaret','Chevallier','USER','langloispauline@hotmail.fr','05 14 78 10 17',NULL,'bfd7ed32441d9c5ecbf79b4ee62df8f994bf9a39bffa8e680db82e1a','2021-09-05 11:24:31','2021-09-05 11:24:31'),(490,'Jean','Buisson','USER','bretonmichelle@laposte.net','0503983417',NULL,'4410c8960ee4efa1d3a1c104e0f88dd7d738a1c241edddc2cddba399','2021-09-05 11:24:31','2021-09-05 11:24:31'),(491,'Clémence','Dupuy','USER','christelle61@tele2.fr','01 20 29 67 21',NULL,'664e0ceeaab9a2c2a26ead3c7d516ebb8ae2bc2a7c53bfe53cf91970','2021-09-05 11:24:31','2021-09-05 11:24:31'),(492,'Capucine','Godard','USER','georgesgirard@wanadoo.fr','0184037437',NULL,'b3f07da3f5a5fc63403bd2e9d98e6ca6d883350498ae0ec8cfc39c98','2021-09-05 11:24:31','2021-09-05 11:24:31'),(493,'Luce','Maurice','USER','qferrand@voila.fr','0545458141',NULL,'2d9338b7eb505720ef5c6d3196e221a146f396558af6c84fa6ec79cc','2021-09-05 11:24:31','2021-09-05 11:24:31'),(494,'Valentine','Gerard','USER','morenoines@yahoo.fr','0576453397',NULL,'fc6be2063d0d0fe6258e40318e6b9562295d1fc9f863a6d393073aa5','2021-09-05 11:24:31','2021-09-05 11:24:31'),(495,'Simone','Leroux','USER','germainfrancoise@sfr.fr','+33 (0)2 15 26 68 70',NULL,'0e72094a53dd2e6af71c60dee0b84f600bc92f0ed03246d747c7b2f4','2021-09-05 11:24:31','2021-09-05 11:24:31'),(496,'Suzanne','Boulay','USER','ineslaurent@hotmail.fr','+33 1 06 28 38 73',NULL,'68b3e942500e5ff67a095c27b73b3fc0bf831f403f1bae240853c5d3','2021-09-05 11:24:31','2021-09-05 11:24:31'),(497,'Éric','Dumas','USER','reynaudtheodore@laposte.net','+33 (0)1 14 78 85 05',NULL,'f14fe23c8c6cdb66cb4b29f6c64ff63a8b718aa9043987245bf75b89','2021-09-05 11:24:31','2021-09-05 11:24:31'),(498,'Luce','Guerin','USER','qpereira@laposte.net','+33 3 57 38 65 34',NULL,'781e1262e5b40a7fc5f6d95ca1bde8d35f8673db683340f5ed0f3b75','2021-09-05 11:24:31','2021-09-05 11:24:31'),(499,'Paulette','Gros','USER','lecontelucas@orange.fr','04 47 10 63 46',NULL,'7de145192ed5d06265676d7effb9ecead0422ff6fad5b2e962edb806','2021-09-05 11:24:31','2021-09-05 11:24:31'),(500,'Anouk','Julien','USER','jacquetchristine@tiscali.fr','+33 (0)3 04 13 58 68',NULL,'06cf3652ab2684c46a926cfd159769a7107efd8340c902360c14b21e','2021-09-05 11:24:31','2021-09-05 11:24:31');
/*!40000 ALTER TABLE `users` ENABLE KEYS */;
UNLOCK TABLES;
/*!40103 SET TIME_ZONE=@OLD_TIME_ZONE */;

/*!40101 SET SQL_MODE=@OLD_SQL_MODE */;
/*!40014 SET FOREIGN_KEY_CHECKS=@OLD_FOREIGN_KEY_CHECKS */;
/*!40014 SET UNIQUE_CHECKS=@OLD_UNIQUE_CHECKS */;
/*!40101 SET CHARACTER_SET_CLIENT=@OLD_CHARACTER_SET_CLIENT */;
/*!40101 SET CHARACTER_SET_RESULTS=@OLD_CHARACTER_SET_RESULTS */;
/*!40101 SET COLLATION_CONNECTION=@OLD_COLLATION_CONNECTION */;
/*!40111 SET SQL_NOTES=@OLD_SQL_NOTES */;

-- Dump completed on 2021-09-05 13:26:17
