-- MySQL dump 10.13  Distrib 8.0.26, for Linux (x86_64)
--
-- Host: 127.0.0.1    Database: mybookingservices
-- ------------------------------------------------------
-- Server version	8.0.25

/*!40101 SET @OLD_CHARACTER_SET_CLIENT=@@CHARACTER_SET_CLIENT */;
/*!40101 SET @OLD_CHARACTER_SET_RESULTS=@@CHARACTER_SET_RESULTS */;
/*!40101 SET @OLD_COLLATION_CONNECTION=@@COLLATION_CONNECTION */;
/*!50503 SET NAMES utf8mb4 */;
/*!40103 SET @OLD_TIME_ZONE=@@TIME_ZONE */;
/*!40103 SET TIME_ZONE='+00:00' */;
/*!40014 SET @OLD_UNIQUE_CHECKS=@@UNIQUE_CHECKS, UNIQUE_CHECKS=0 */;
/*!40014 SET @OLD_FOREIGN_KEY_CHECKS=@@FOREIGN_KEY_CHECKS, FOREIGN_KEY_CHECKS=0 */;
/*!40101 SET @OLD_SQL_MODE=@@SQL_MODE, SQL_MODE='NO_AUTO_VALUE_ON_ZERO' */;
/*!40111 SET @OLD_SQL_NOTES=@@SQL_NOTES, SQL_NOTES=0 */;

--
-- Table structure for table `addresses`
--

DROP TABLE IF EXISTS `addresses`;
/*!40101 SET @saved_cs_client     = @@character_set_client */;
/*!50503 SET character_set_client = utf8mb4 */;
CREATE TABLE `addresses` (
  `id` int NOT NULL AUTO_INCREMENT,
  `hotel_id` int DEFAULT NULL,
  `number` varchar(50) DEFAULT NULL,
  `street` varchar(50) DEFAULT NULL,
  `town` varchar(50) DEFAULT NULL,
  `postal_code` int DEFAULT NULL,
  `created_time` timestamp NOT NULL DEFAULT CURRENT_TIMESTAMP,
  `updated_time` timestamp NOT NULL DEFAULT CURRENT_TIMESTAMP ON UPDATE CURRENT_TIMESTAMP,
  PRIMARY KEY (`id`),
  KEY `hotel_id` (`hotel_id`),
  CONSTRAINT `addresses_ibfk_1` FOREIGN KEY (`hotel_id`) REFERENCES `hotels` (`id`)
) ENGINE=InnoDB AUTO_INCREMENT=3 DEFAULT CHARSET=utf8mb4 COLLATE=utf8mb4_0900_ai_ci;
/*!40101 SET character_set_client = @saved_cs_client */;

--
-- Dumping data for table `addresses`
--

LOCK TABLES `addresses` WRITE;
/*!40000 ALTER TABLE `addresses` DISABLE KEYS */;
INSERT INTO `addresses` VALUES (1,1,'77','boulevard Marie','Saint JeanneBourg',94847,'2021-09-05 08:42:41','2021-09-05 08:42:41'),(2,2,'326','avenue Marie Alexandre','Girard',53136,'2021-09-05 08:42:41','2021-09-05 08:42:41');
/*!40000 ALTER TABLE `addresses` ENABLE KEYS */;
UNLOCK TABLES;

--
-- Table structure for table `booking`
--

DROP TABLE IF EXISTS `booking`;
/*!40101 SET @saved_cs_client     = @@character_set_client */;
/*!50503 SET character_set_client = utf8mb4 */;
CREATE TABLE `booking` (
  `id` bigint NOT NULL AUTO_INCREMENT,
  `room_id` int DEFAULT NULL,
  `user_id` bigint DEFAULT NULL,
  `capacity_book` int DEFAULT NULL,
  `option` json DEFAULT NULL,
  `order_price` float DEFAULT NULL,
  `booking_start_date` date DEFAULT NULL,
  `booking_end_date` date DEFAULT NULL,
  `created_time` timestamp NOT NULL DEFAULT CURRENT_TIMESTAMP,
  `updated_time` timestamp NOT NULL DEFAULT CURRENT_TIMESTAMP ON UPDATE CURRENT_TIMESTAMP,
  PRIMARY KEY (`id`),
  KEY `room_id` (`room_id`),
  KEY `user_id` (`user_id`),
  CONSTRAINT `booking_ibfk_1` FOREIGN KEY (`room_id`) REFERENCES `rooms` (`id`),
  CONSTRAINT `booking_ibfk_2` FOREIGN KEY (`user_id`) REFERENCES `users` (`id`)
) ENGINE=InnoDB AUTO_INCREMENT=11 DEFAULT CHARSET=utf8mb4 COLLATE=utf8mb4_0900_ai_ci;
/*!40101 SET character_set_client = @saved_cs_client */;

--
-- Dumping data for table `booking`
--

LOCK TABLES `booking` WRITE;
/*!40000 ALTER TABLE `booking` DISABLE KEYS */;
INSERT INTO `booking` VALUES (1,3,54,2,'{\"parking\": 1, \"baby_cot\": 1, \"breakfast\": 1, \"romance_pack\": 1}',1095,'2021-05-21','2021-05-24','2021-09-05 08:42:41','2021-09-05 08:42:41'),(2,7,138,5,'{\"parking\": 1, \"baby_cot\": 1, \"breakfast\": 1, \"romance_pack\": 1}',3055,'2021-05-14','2021-05-17','2021-09-05 08:42:41','2021-09-05 08:42:41'),(3,6,417,1,'{\"parking\": 1, \"baby_cot\": 1, \"breakfast\": 1, \"romance_pack\": 1}',5900,'2021-07-05','2021-07-11','2021-09-05 08:42:41','2021-09-05 08:42:41'),(4,1,342,2,'{\"parking\": 1, \"baby_cot\": 1, \"breakfast\": 1, \"romance_pack\": 1}',933,'2021-07-16','2021-07-17','2021-09-05 08:42:41','2021-09-05 08:42:41'),(5,4,94,2,'{\"parking\": 1, \"baby_cot\": 1, \"breakfast\": 1, \"romance_pack\": 1}',255,'2021-07-19','2021-07-20','2021-09-05 08:42:41','2021-09-05 08:42:41'),(6,2,224,2,'{\"parking\": 1, \"baby_cot\": 1, \"breakfast\": 1, \"romance_pack\": 1}',555,'2021-07-21','2021-07-22','2021-09-05 08:42:41','2021-09-05 08:42:41'),(7,1,78,3,'{\"parking\": 1, \"baby_cot\": 1, \"breakfast\": 1, \"romance_pack\": 1}',2265,'2021-09-18','2021-09-20','2021-09-05 08:42:41','2021-09-05 08:42:41'),(8,4,19,2,'{\"parking\": 1, \"baby_cot\": 1, \"breakfast\": 1, \"romance_pack\": 1}',240,'2021-09-29','2021-09-30','2021-09-05 08:42:41','2021-09-05 08:42:41'),(9,6,318,2,'{\"parking\": 1, \"baby_cot\": 1, \"breakfast\": 1, \"romance_pack\": 1}',2255,'2021-10-08','2021-10-10','2021-09-05 08:42:41','2021-09-05 08:42:41'),(10,3,241,3,'{\"parking\": 1, \"baby_cot\": 1, \"breakfast\": 1, \"romance_pack\": 1}',375,'2021-10-27','2021-10-28','2021-09-05 08:42:41','2021-09-05 08:42:41');
/*!40000 ALTER TABLE `booking` ENABLE KEYS */;
UNLOCK TABLES;

--
-- Table structure for table `calendar`
--

DROP TABLE IF EXISTS `calendar`;
/*!40101 SET @saved_cs_client     = @@character_set_client */;
/*!50503 SET character_set_client = utf8mb4 */;
CREATE TABLE `calendar` (
  `id` int NOT NULL AUTO_INCREMENT,
  `date` date DEFAULT NULL,
  `day` int DEFAULT NULL,
  `day_name` varchar(50) DEFAULT NULL,
  `day_week` int DEFAULT NULL,
  `month_name` varchar(25) DEFAULT NULL,
  `month` int DEFAULT NULL,
  `year` int DEFAULT NULL,
  PRIMARY KEY (`id`)
) ENGINE=InnoDB AUTO_INCREMENT=730 DEFAULT CHARSET=utf8mb4 COLLATE=utf8mb4_0900_ai_ci;
/*!40101 SET character_set_client = @saved_cs_client */;

--
-- Dumping data for table `calendar`
--

LOCK TABLES `calendar` WRITE;
/*!40000 ALTER TABLE `calendar` DISABLE KEYS */;
INSERT INTO `calendar` VALUES (1,'2021-01-01',1,'Friday',5,'January',1,2021),(2,'2021-01-02',2,'Saturday',6,'January',1,2021),(3,'2021-01-03',3,'Sunday',0,'January',1,2021),(4,'2021-01-04',4,'Monday',1,'January',1,2021),(5,'2021-01-05',5,'Tuesday',2,'January',1,2021),(6,'2021-01-06',6,'Wednesday',3,'January',1,2021),(7,'2021-01-07',7,'Thursday',4,'January',1,2021),(8,'2021-01-08',8,'Friday',5,'January',1,2021),(9,'2021-01-09',9,'Saturday',6,'January',1,2021),(10,'2021-01-10',10,'Sunday',0,'January',1,2021),(11,'2021-01-11',11,'Monday',1,'January',1,2021),(12,'2021-01-12',12,'Tuesday',2,'January',1,2021),(13,'2021-01-13',13,'Wednesday',3,'January',1,2021),(14,'2021-01-14',14,'Thursday',4,'January',1,2021),(15,'2021-01-15',15,'Friday',5,'January',1,2021),(16,'2021-01-16',16,'Saturday',6,'January',1,2021),(17,'2021-01-17',17,'Sunday',0,'January',1,2021),(18,'2021-01-18',18,'Monday',1,'January',1,2021),(19,'2021-01-19',19,'Tuesday',2,'January',1,2021),(20,'2021-01-20',20,'Wednesday',3,'January',1,2021),(21,'2021-01-21',21,'Thursday',4,'January',1,2021),(22,'2021-01-22',22,'Friday',5,'January',1,2021),(23,'2021-01-23',23,'Saturday',6,'January',1,2021),(24,'2021-01-24',24,'Sunday',0,'January',1,2021),(25,'2021-01-25',25,'Monday',1,'January',1,2021),(26,'2021-01-26',26,'Tuesday',2,'January',1,2021),(27,'2021-01-27',27,'Wednesday',3,'January',1,2021),(28,'2021-01-28',28,'Thursday',4,'January',1,2021),(29,'2021-01-29',29,'Friday',5,'January',1,2021),(30,'2021-01-30',30,'Saturday',6,'January',1,2021),(31,'2021-01-31',31,'Sunday',0,'January',1,2021),(32,'2021-02-01',1,'Monday',1,'February',2,2021),(33,'2021-02-02',2,'Tuesday',2,'February',2,2021),(34,'2021-02-03',3,'Wednesday',3,'February',2,2021),(35,'2021-02-04',4,'Thursday',4,'February',2,2021),(36,'2021-02-05',5,'Friday',5,'February',2,2021),(37,'2021-02-06',6,'Saturday',6,'February',2,2021),(38,'2021-02-07',7,'Sunday',0,'February',2,2021),(39,'2021-02-08',8,'Monday',1,'February',2,2021),(40,'2021-02-09',9,'Tuesday',2,'February',2,2021),(41,'2021-02-10',10,'Wednesday',3,'February',2,2021),(42,'2021-02-11',11,'Thursday',4,'February',2,2021),(43,'2021-02-12',12,'Friday',5,'February',2,2021),(44,'2021-02-13',13,'Saturday',6,'February',2,2021),(45,'2021-02-14',14,'Sunday',0,'February',2,2021),(46,'2021-02-15',15,'Monday',1,'February',2,2021),(47,'2021-02-16',16,'Tuesday',2,'February',2,2021),(48,'2021-02-17',17,'Wednesday',3,'February',2,2021),(49,'2021-02-18',18,'Thursday',4,'February',2,2021),(50,'2021-02-19',19,'Friday',5,'February',2,2021),(51,'2021-02-20',20,'Saturday',6,'February',2,2021),(52,'2021-02-21',21,'Sunday',0,'February',2,2021),(53,'2021-02-22',22,'Monday',1,'February',2,2021),(54,'2021-02-23',23,'Tuesday',2,'February',2,2021),(55,'2021-02-24',24,'Wednesday',3,'February',2,2021),(56,'2021-02-25',25,'Thursday',4,'February',2,2021),(57,'2021-02-26',26,'Friday',5,'February',2,2021),(58,'2021-02-27',27,'Saturday',6,'February',2,2021),(59,'2021-02-28',28,'Sunday',0,'February',2,2021),(60,'2021-03-01',1,'Monday',1,'March',3,2021),(61,'2021-03-02',2,'Tuesday',2,'March',3,2021),(62,'2021-03-03',3,'Wednesday',3,'March',3,2021),(63,'2021-03-04',4,'Thursday',4,'March',3,2021),(64,'2021-03-05',5,'Friday',5,'March',3,2021),(65,'2021-03-06',6,'Saturday',6,'March',3,2021),(66,'2021-03-07',7,'Sunday',0,'March',3,2021),(67,'2021-03-08',8,'Monday',1,'March',3,2021),(68,'2021-03-09',9,'Tuesday',2,'March',3,2021),(69,'2021-03-10',10,'Wednesday',3,'March',3,2021),(70,'2021-03-11',11,'Thursday',4,'March',3,2021),(71,'2021-03-12',12,'Friday',5,'March',3,2021),(72,'2021-03-13',13,'Saturday',6,'March',3,2021),(73,'2021-03-14',14,'Sunday',0,'March',3,2021),(74,'2021-03-15',15,'Monday',1,'March',3,2021),(75,'2021-03-16',16,'Tuesday',2,'March',3,2021),(76,'2021-03-17',17,'Wednesday',3,'March',3,2021),(77,'2021-03-18',18,'Thursday',4,'March',3,2021),(78,'2021-03-19',19,'Friday',5,'March',3,2021),(79,'2021-03-20',20,'Saturday',6,'March',3,2021),(80,'2021-03-21',21,'Sunday',0,'March',3,2021),(81,'2021-03-22',22,'Monday',1,'March',3,2021),(82,'2021-03-23',23,'Tuesday',2,'March',3,2021),(83,'2021-03-24',24,'Wednesday',3,'March',3,2021),(84,'2021-03-25',25,'Thursday',4,'March',3,2021),(85,'2021-03-26',26,'Friday',5,'March',3,2021),(86,'2021-03-27',27,'Saturday',6,'March',3,2021),(87,'2021-03-28',28,'Sunday',0,'March',3,2021),(88,'2021-03-29',29,'Monday',1,'March',3,2021),(89,'2021-03-30',30,'Tuesday',2,'March',3,2021),(90,'2021-03-31',31,'Wednesday',3,'March',3,2021),(91,'2021-04-01',1,'Thursday',4,'April',4,2021),(92,'2021-04-02',2,'Friday',5,'April',4,2021),(93,'2021-04-03',3,'Saturday',6,'April',4,2021),(94,'2021-04-04',4,'Sunday',0,'April',4,2021),(95,'2021-04-05',5,'Monday',1,'April',4,2021),(96,'2021-04-06',6,'Tuesday',2,'April',4,2021),(97,'2021-04-07',7,'Wednesday',3,'April',4,2021),(98,'2021-04-08',8,'Thursday',4,'April',4,2021),(99,'2021-04-09',9,'Friday',5,'April',4,2021),(100,'2021-04-10',10,'Saturday',6,'April',4,2021),(101,'2021-04-11',11,'Sunday',0,'April',4,2021),(102,'2021-04-12',12,'Monday',1,'April',4,2021),(103,'2021-04-13',13,'Tuesday',2,'April',4,2021),(104,'2021-04-14',14,'Wednesday',3,'April',4,2021),(105,'2021-04-15',15,'Thursday',4,'April',4,2021),(106,'2021-04-16',16,'Friday',5,'April',4,2021),(107,'2021-04-17',17,'Saturday',6,'April',4,2021),(108,'2021-04-18',18,'Sunday',0,'April',4,2021),(109,'2021-04-19',19,'Monday',1,'April',4,2021),(110,'2021-04-20',20,'Tuesday',2,'April',4,2021),(111,'2021-04-21',21,'Wednesday',3,'April',4,2021),(112,'2021-04-22',22,'Thursday',4,'April',4,2021),(113,'2021-04-23',23,'Friday',5,'April',4,2021),(114,'2021-04-24',24,'Saturday',6,'April',4,2021),(115,'2021-04-25',25,'Sunday',0,'April',4,2021),(116,'2021-04-26',26,'Monday',1,'April',4,2021),(117,'2021-04-27',27,'Tuesday',2,'April',4,2021),(118,'2021-04-28',28,'Wednesday',3,'April',4,2021),(119,'2021-04-29',29,'Thursday',4,'April',4,2021),(120,'2021-04-30',30,'Friday',5,'April',4,2021),(121,'2021-05-01',1,'Saturday',6,'May',5,2021),(122,'2021-05-02',2,'Sunday',0,'May',5,2021),(123,'2021-05-03',3,'Monday',1,'May',5,2021),(124,'2021-05-04',4,'Tuesday',2,'May',5,2021),(125,'2021-05-05',5,'Wednesday',3,'May',5,2021),(126,'2021-05-06',6,'Thursday',4,'May',5,2021),(127,'2021-05-07',7,'Friday',5,'May',5,2021),(128,'2021-05-08',8,'Saturday',6,'May',5,2021),(129,'2021-05-09',9,'Sunday',0,'May',5,2021),(130,'2021-05-10',10,'Monday',1,'May',5,2021),(131,'2021-05-11',11,'Tuesday',2,'May',5,2021),(132,'2021-05-12',12,'Wednesday',3,'May',5,2021),(133,'2021-05-13',13,'Thursday',4,'May',5,2021),(134,'2021-05-14',14,'Friday',5,'May',5,2021),(135,'2021-05-15',15,'Saturday',6,'May',5,2021),(136,'2021-05-16',16,'Sunday',0,'May',5,2021),(137,'2021-05-17',17,'Monday',1,'May',5,2021),(138,'2021-05-18',18,'Tuesday',2,'May',5,2021),(139,'2021-05-19',19,'Wednesday',3,'May',5,2021),(140,'2021-05-20',20,'Thursday',4,'May',5,2021),(141,'2021-05-21',21,'Friday',5,'May',5,2021),(142,'2021-05-22',22,'Saturday',6,'May',5,2021),(143,'2021-05-23',23,'Sunday',0,'May',5,2021),(144,'2021-05-24',24,'Monday',1,'May',5,2021),(145,'2021-05-25',25,'Tuesday',2,'May',5,2021),(146,'2021-05-26',26,'Wednesday',3,'May',5,2021),(147,'2021-05-27',27,'Thursday',4,'May',5,2021),(148,'2021-05-28',28,'Friday',5,'May',5,2021),(149,'2021-05-29',29,'Saturday',6,'May',5,2021),(150,'2021-05-30',30,'Sunday',0,'May',5,2021),(151,'2021-05-31',31,'Monday',1,'May',5,2021),(152,'2021-06-01',1,'Tuesday',2,'June',6,2021),(153,'2021-06-02',2,'Wednesday',3,'June',6,2021),(154,'2021-06-03',3,'Thursday',4,'June',6,2021),(155,'2021-06-04',4,'Friday',5,'June',6,2021),(156,'2021-06-05',5,'Saturday',6,'June',6,2021),(157,'2021-06-06',6,'Sunday',0,'June',6,2021),(158,'2021-06-07',7,'Monday',1,'June',6,2021),(159,'2021-06-08',8,'Tuesday',2,'June',6,2021),(160,'2021-06-09',9,'Wednesday',3,'June',6,2021),(161,'2021-06-10',10,'Thursday',4,'June',6,2021),(162,'2021-06-11',11,'Friday',5,'June',6,2021),(163,'2021-06-12',12,'Saturday',6,'June',6,2021),(164,'2021-06-13',13,'Sunday',0,'June',6,2021),(165,'2021-06-14',14,'Monday',1,'June',6,2021),(166,'2021-06-15',15,'Tuesday',2,'June',6,2021),(167,'2021-06-16',16,'Wednesday',3,'June',6,2021),(168,'2021-06-17',17,'Thursday',4,'June',6,2021),(169,'2021-06-18',18,'Friday',5,'June',6,2021),(170,'2021-06-19',19,'Saturday',6,'June',6,2021),(171,'2021-06-20',20,'Sunday',0,'June',6,2021),(172,'2021-06-21',21,'Monday',1,'June',6,2021),(173,'2021-06-22',22,'Tuesday',2,'June',6,2021),(174,'2021-06-23',23,'Wednesday',3,'June',6,2021),(175,'2021-06-24',24,'Thursday',4,'June',6,2021),(176,'2021-06-25',25,'Friday',5,'June',6,2021),(177,'2021-06-26',26,'Saturday',6,'June',6,2021),(178,'2021-06-27',27,'Sunday',0,'June',6,2021),(179,'2021-06-28',28,'Monday',1,'June',6,2021),(180,'2021-06-29',29,'Tuesday',2,'June',6,2021),(181,'2021-06-30',30,'Wednesday',3,'June',6,2021),(182,'2021-07-01',1,'Thursday',4,'July',7,2021),(183,'2021-07-02',2,'Friday',5,'July',7,2021),(184,'2021-07-03',3,'Saturday',6,'July',7,2021),(185,'2021-07-04',4,'Sunday',0,'July',7,2021),(186,'2021-07-05',5,'Monday',1,'July',7,2021),(187,'2021-07-06',6,'Tuesday',2,'July',7,2021),(188,'2021-07-07',7,'Wednesday',3,'July',7,2021),(189,'2021-07-08',8,'Thursday',4,'July',7,2021),(190,'2021-07-09',9,'Friday',5,'July',7,2021),(191,'2021-07-10',10,'Saturday',6,'July',7,2021),(192,'2021-07-11',11,'Sunday',0,'July',7,2021),(193,'2021-07-12',12,'Monday',1,'July',7,2021),(194,'2021-07-13',13,'Tuesday',2,'July',7,2021),(195,'2021-07-14',14,'Wednesday',3,'July',7,2021),(196,'2021-07-15',15,'Thursday',4,'July',7,2021),(197,'2021-07-16',16,'Friday',5,'July',7,2021),(198,'2021-07-17',17,'Saturday',6,'July',7,2021),(199,'2021-07-18',18,'Sunday',0,'July',7,2021),(200,'2021-07-19',19,'Monday',1,'July',7,2021),(201,'2021-07-20',20,'Tuesday',2,'July',7,2021),(202,'2021-07-21',21,'Wednesday',3,'July',7,2021),(203,'2021-07-22',22,'Thursday',4,'July',7,2021),(204,'2021-07-23',23,'Friday',5,'July',7,2021),(205,'2021-07-24',24,'Saturday',6,'July',7,2021),(206,'2021-07-25',25,'Sunday',0,'July',7,2021),(207,'2021-07-26',26,'Monday',1,'July',7,2021),(208,'2021-07-27',27,'Tuesday',2,'July',7,2021),(209,'2021-07-28',28,'Wednesday',3,'July',7,2021),(210,'2021-07-29',29,'Thursday',4,'July',7,2021),(211,'2021-07-30',30,'Friday',5,'July',7,2021),(212,'2021-07-31',31,'Saturday',6,'July',7,2021),(213,'2021-08-01',1,'Sunday',0,'August',8,2021),(214,'2021-08-02',2,'Monday',1,'August',8,2021),(215,'2021-08-03',3,'Tuesday',2,'August',8,2021),(216,'2021-08-04',4,'Wednesday',3,'August',8,2021),(217,'2021-08-05',5,'Thursday',4,'August',8,2021),(218,'2021-08-06',6,'Friday',5,'August',8,2021),(219,'2021-08-07',7,'Saturday',6,'August',8,2021),(220,'2021-08-08',8,'Sunday',0,'August',8,2021),(221,'2021-08-09',9,'Monday',1,'August',8,2021),(222,'2021-08-10',10,'Tuesday',2,'August',8,2021),(223,'2021-08-11',11,'Wednesday',3,'August',8,2021),(224,'2021-08-12',12,'Thursday',4,'August',8,2021),(225,'2021-08-13',13,'Friday',5,'August',8,2021),(226,'2021-08-14',14,'Saturday',6,'August',8,2021),(227,'2021-08-15',15,'Sunday',0,'August',8,2021),(228,'2021-08-16',16,'Monday',1,'August',8,2021),(229,'2021-08-17',17,'Tuesday',2,'August',8,2021),(230,'2021-08-18',18,'Wednesday',3,'August',8,2021),(231,'2021-08-19',19,'Thursday',4,'August',8,2021),(232,'2021-08-20',20,'Friday',5,'August',8,2021),(233,'2021-08-21',21,'Saturday',6,'August',8,2021),(234,'2021-08-22',22,'Sunday',0,'August',8,2021),(235,'2021-08-23',23,'Monday',1,'August',8,2021),(236,'2021-08-24',24,'Tuesday',2,'August',8,2021),(237,'2021-08-25',25,'Wednesday',3,'August',8,2021),(238,'2021-08-26',26,'Thursday',4,'August',8,2021),(239,'2021-08-27',27,'Friday',5,'August',8,2021),(240,'2021-08-28',28,'Saturday',6,'August',8,2021),(241,'2021-08-29',29,'Sunday',0,'August',8,2021),(242,'2021-08-30',30,'Monday',1,'August',8,2021),(243,'2021-08-31',31,'Tuesday',2,'August',8,2021),(244,'2021-09-01',1,'Wednesday',3,'September',9,2021),(245,'2021-09-02',2,'Thursday',4,'September',9,2021),(246,'2021-09-03',3,'Friday',5,'September',9,2021),(247,'2021-09-04',4,'Saturday',6,'September',9,2021),(248,'2021-09-05',5,'Sunday',0,'September',9,2021),(249,'2021-09-06',6,'Monday',1,'September',9,2021),(250,'2021-09-07',7,'Tuesday',2,'September',9,2021),(251,'2021-09-08',8,'Wednesday',3,'September',9,2021),(252,'2021-09-09',9,'Thursday',4,'September',9,2021),(253,'2021-09-10',10,'Friday',5,'September',9,2021),(254,'2021-09-11',11,'Saturday',6,'September',9,2021),(255,'2021-09-12',12,'Sunday',0,'September',9,2021),(256,'2021-09-13',13,'Monday',1,'September',9,2021),(257,'2021-09-14',14,'Tuesday',2,'September',9,2021),(258,'2021-09-15',15,'Wednesday',3,'September',9,2021),(259,'2021-09-16',16,'Thursday',4,'September',9,2021),(260,'2021-09-17',17,'Friday',5,'September',9,2021),(261,'2021-09-18',18,'Saturday',6,'September',9,2021),(262,'2021-09-19',19,'Sunday',0,'September',9,2021),(263,'2021-09-20',20,'Monday',1,'September',9,2021),(264,'2021-09-21',21,'Tuesday',2,'September',9,2021),(265,'2021-09-22',22,'Wednesday',3,'September',9,2021),(266,'2021-09-23',23,'Thursday',4,'September',9,2021),(267,'2021-09-24',24,'Friday',5,'September',9,2021),(268,'2021-09-25',25,'Saturday',6,'September',9,2021),(269,'2021-09-26',26,'Sunday',0,'September',9,2021),(270,'2021-09-27',27,'Monday',1,'September',9,2021),(271,'2021-09-28',28,'Tuesday',2,'September',9,2021),(272,'2021-09-29',29,'Wednesday',3,'September',9,2021),(273,'2021-09-30',30,'Thursday',4,'September',9,2021),(274,'2021-10-01',1,'Friday',5,'October',10,2021),(275,'2021-10-02',2,'Saturday',6,'October',10,2021),(276,'2021-10-03',3,'Sunday',0,'October',10,2021),(277,'2021-10-04',4,'Monday',1,'October',10,2021),(278,'2021-10-05',5,'Tuesday',2,'October',10,2021),(279,'2021-10-06',6,'Wednesday',3,'October',10,2021),(280,'2021-10-07',7,'Thursday',4,'October',10,2021),(281,'2021-10-08',8,'Friday',5,'October',10,2021),(282,'2021-10-09',9,'Saturday',6,'October',10,2021),(283,'2021-10-10',10,'Sunday',0,'October',10,2021),(284,'2021-10-11',11,'Monday',1,'October',10,2021),(285,'2021-10-12',12,'Tuesday',2,'October',10,2021),(286,'2021-10-13',13,'Wednesday',3,'October',10,2021),(287,'2021-10-14',14,'Thursday',4,'October',10,2021),(288,'2021-10-15',15,'Friday',5,'October',10,2021),(289,'2021-10-16',16,'Saturday',6,'October',10,2021),(290,'2021-10-17',17,'Sunday',0,'October',10,2021),(291,'2021-10-18',18,'Monday',1,'October',10,2021),(292,'2021-10-19',19,'Tuesday',2,'October',10,2021),(293,'2021-10-20',20,'Wednesday',3,'October',10,2021),(294,'2021-10-21',21,'Thursday',4,'October',10,2021),(295,'2021-10-22',22,'Friday',5,'October',10,2021),(296,'2021-10-23',23,'Saturday',6,'October',10,2021),(297,'2021-10-24',24,'Sunday',0,'October',10,2021),(298,'2021-10-25',25,'Monday',1,'October',10,2021),(299,'2021-10-26',26,'Tuesday',2,'October',10,2021),(300,'2021-10-27',27,'Wednesday',3,'October',10,2021),(301,'2021-10-28',28,'Thursday',4,'October',10,2021),(302,'2021-10-29',29,'Friday',5,'October',10,2021),(303,'2021-10-30',30,'Saturday',6,'October',10,2021),(304,'2021-10-31',31,'Sunday',0,'October',10,2021),(305,'2021-11-01',1,'Monday',1,'November',11,2021),(306,'2021-11-02',2,'Tuesday',2,'November',11,2021),(307,'2021-11-03',3,'Wednesday',3,'November',11,2021),(308,'2021-11-04',4,'Thursday',4,'November',11,2021),(309,'2021-11-05',5,'Friday',5,'November',11,2021),(310,'2021-11-06',6,'Saturday',6,'November',11,2021),(311,'2021-11-07',7,'Sunday',0,'November',11,2021),(312,'2021-11-08',8,'Monday',1,'November',11,2021),(313,'2021-11-09',9,'Tuesday',2,'November',11,2021),(314,'2021-11-10',10,'Wednesday',3,'November',11,2021),(315,'2021-11-11',11,'Thursday',4,'November',11,2021),(316,'2021-11-12',12,'Friday',5,'November',11,2021),(317,'2021-11-13',13,'Saturday',6,'November',11,2021),(318,'2021-11-14',14,'Sunday',0,'November',11,2021),(319,'2021-11-15',15,'Monday',1,'November',11,2021),(320,'2021-11-16',16,'Tuesday',2,'November',11,2021),(321,'2021-11-17',17,'Wednesday',3,'November',11,2021),(322,'2021-11-18',18,'Thursday',4,'November',11,2021),(323,'2021-11-19',19,'Friday',5,'November',11,2021),(324,'2021-11-20',20,'Saturday',6,'November',11,2021),(325,'2021-11-21',21,'Sunday',0,'November',11,2021),(326,'2021-11-22',22,'Monday',1,'November',11,2021),(327,'2021-11-23',23,'Tuesday',2,'November',11,2021),(328,'2021-11-24',24,'Wednesday',3,'November',11,2021),(329,'2021-11-25',25,'Thursday',4,'November',11,2021),(330,'2021-11-26',26,'Friday',5,'November',11,2021),(331,'2021-11-27',27,'Saturday',6,'November',11,2021),(332,'2021-11-28',28,'Sunday',0,'November',11,2021),(333,'2021-11-29',29,'Monday',1,'November',11,2021),(334,'2021-11-30',30,'Tuesday',2,'November',11,2021),(335,'2021-12-01',1,'Wednesday',3,'December',12,2021),(336,'2021-12-02',2,'Thursday',4,'December',12,2021),(337,'2021-12-03',3,'Friday',5,'December',12,2021),(338,'2021-12-04',4,'Saturday',6,'December',12,2021),(339,'2021-12-05',5,'Sunday',0,'December',12,2021),(340,'2021-12-06',6,'Monday',1,'December',12,2021),(341,'2021-12-07',7,'Tuesday',2,'December',12,2021),(342,'2021-12-08',8,'Wednesday',3,'December',12,2021),(343,'2021-12-09',9,'Thursday',4,'December',12,2021),(344,'2021-12-10',10,'Friday',5,'December',12,2021),(345,'2021-12-11',11,'Saturday',6,'December',12,2021),(346,'2021-12-12',12,'Sunday',0,'December',12,2021),(347,'2021-12-13',13,'Monday',1,'December',12,2021),(348,'2021-12-14',14,'Tuesday',2,'December',12,2021),(349,'2021-12-15',15,'Wednesday',3,'December',12,2021),(350,'2021-12-16',16,'Thursday',4,'December',12,2021),(351,'2021-12-17',17,'Friday',5,'December',12,2021),(352,'2021-12-18',18,'Saturday',6,'December',12,2021),(353,'2021-12-19',19,'Sunday',0,'December',12,2021),(354,'2021-12-20',20,'Monday',1,'December',12,2021),(355,'2021-12-21',21,'Tuesday',2,'December',12,2021),(356,'2021-12-22',22,'Wednesday',3,'December',12,2021),(357,'2021-12-23',23,'Thursday',4,'December',12,2021),(358,'2021-12-24',24,'Friday',5,'December',12,2021),(359,'2021-12-25',25,'Saturday',6,'December',12,2021),(360,'2021-12-26',26,'Sunday',0,'December',12,2021),(361,'2021-12-27',27,'Monday',1,'December',12,2021),(362,'2021-12-28',28,'Tuesday',2,'December',12,2021),(363,'2021-12-29',29,'Wednesday',3,'December',12,2021),(364,'2021-12-30',30,'Thursday',4,'December',12,2021),(365,'2021-12-31',31,'Friday',5,'December',12,2021),(366,'2022-01-01',1,'Saturday',6,'January',1,2022),(367,'2022-01-02',2,'Sunday',0,'January',1,2022),(368,'2022-01-03',3,'Monday',1,'January',1,2022),(369,'2022-01-04',4,'Tuesday',2,'January',1,2022),(370,'2022-01-05',5,'Wednesday',3,'January',1,2022),(371,'2022-01-06',6,'Thursday',4,'January',1,2022),(372,'2022-01-07',7,'Friday',5,'January',1,2022),(373,'2022-01-08',8,'Saturday',6,'January',1,2022),(374,'2022-01-09',9,'Sunday',0,'January',1,2022),(375,'2022-01-10',10,'Monday',1,'January',1,2022),(376,'2022-01-11',11,'Tuesday',2,'January',1,2022),(377,'2022-01-12',12,'Wednesday',3,'January',1,2022),(378,'2022-01-13',13,'Thursday',4,'January',1,2022),(379,'2022-01-14',14,'Friday',5,'January',1,2022),(380,'2022-01-15',15,'Saturday',6,'January',1,2022),(381,'2022-01-16',16,'Sunday',0,'January',1,2022),(382,'2022-01-17',17,'Monday',1,'January',1,2022),(383,'2022-01-18',18,'Tuesday',2,'January',1,2022),(384,'2022-01-19',19,'Wednesday',3,'January',1,2022),(385,'2022-01-20',20,'Thursday',4,'January',1,2022),(386,'2022-01-21',21,'Friday',5,'January',1,2022),(387,'2022-01-22',22,'Saturday',6,'January',1,2022),(388,'2022-01-23',23,'Sunday',0,'January',1,2022),(389,'2022-01-24',24,'Monday',1,'January',1,2022),(390,'2022-01-25',25,'Tuesday',2,'January',1,2022),(391,'2022-01-26',26,'Wednesday',3,'January',1,2022),(392,'2022-01-27',27,'Thursday',4,'January',1,2022),(393,'2022-01-28',28,'Friday',5,'January',1,2022),(394,'2022-01-29',29,'Saturday',6,'January',1,2022),(395,'2022-01-30',30,'Sunday',0,'January',1,2022),(396,'2022-01-31',31,'Monday',1,'January',1,2022),(397,'2022-02-01',1,'Tuesday',2,'February',2,2022),(398,'2022-02-02',2,'Wednesday',3,'February',2,2022),(399,'2022-02-03',3,'Thursday',4,'February',2,2022),(400,'2022-02-04',4,'Friday',5,'February',2,2022),(401,'2022-02-05',5,'Saturday',6,'February',2,2022),(402,'2022-02-06',6,'Sunday',0,'February',2,2022),(403,'2022-02-07',7,'Monday',1,'February',2,2022),(404,'2022-02-08',8,'Tuesday',2,'February',2,2022),(405,'2022-02-09',9,'Wednesday',3,'February',2,2022),(406,'2022-02-10',10,'Thursday',4,'February',2,2022),(407,'2022-02-11',11,'Friday',5,'February',2,2022),(408,'2022-02-12',12,'Saturday',6,'February',2,2022),(409,'2022-02-13',13,'Sunday',0,'February',2,2022),(410,'2022-02-14',14,'Monday',1,'February',2,2022),(411,'2022-02-15',15,'Tuesday',2,'February',2,2022),(412,'2022-02-16',16,'Wednesday',3,'February',2,2022),(413,'2022-02-17',17,'Thursday',4,'February',2,2022),(414,'2022-02-18',18,'Friday',5,'February',2,2022),(415,'2022-02-19',19,'Saturday',6,'February',2,2022),(416,'2022-02-20',20,'Sunday',0,'February',2,2022),(417,'2022-02-21',21,'Monday',1,'February',2,2022),(418,'2022-02-22',22,'Tuesday',2,'February',2,2022),(419,'2022-02-23',23,'Wednesday',3,'February',2,2022),(420,'2022-02-24',24,'Thursday',4,'February',2,2022),(421,'2022-02-25',25,'Friday',5,'February',2,2022),(422,'2022-02-26',26,'Saturday',6,'February',2,2022),(423,'2022-02-27',27,'Sunday',0,'February',2,2022),(424,'2022-02-28',28,'Monday',1,'February',2,2022),(425,'2022-03-01',1,'Tuesday',2,'March',3,2022),(426,'2022-03-02',2,'Wednesday',3,'March',3,2022),(427,'2022-03-03',3,'Thursday',4,'March',3,2022),(428,'2022-03-04',4,'Friday',5,'March',3,2022),(429,'2022-03-05',5,'Saturday',6,'March',3,2022),(430,'2022-03-06',6,'Sunday',0,'March',3,2022),(431,'2022-03-07',7,'Monday',1,'March',3,2022),(432,'2022-03-08',8,'Tuesday',2,'March',3,2022),(433,'2022-03-09',9,'Wednesday',3,'March',3,2022),(434,'2022-03-10',10,'Thursday',4,'March',3,2022),(435,'2022-03-11',11,'Friday',5,'March',3,2022),(436,'2022-03-12',12,'Saturday',6,'March',3,2022),(437,'2022-03-13',13,'Sunday',0,'March',3,2022),(438,'2022-03-14',14,'Monday',1,'March',3,2022),(439,'2022-03-15',15,'Tuesday',2,'March',3,2022),(440,'2022-03-16',16,'Wednesday',3,'March',3,2022),(441,'2022-03-17',17,'Thursday',4,'March',3,2022),(442,'2022-03-18',18,'Friday',5,'March',3,2022),(443,'2022-03-19',19,'Saturday',6,'March',3,2022),(444,'2022-03-20',20,'Sunday',0,'March',3,2022),(445,'2022-03-21',21,'Monday',1,'March',3,2022),(446,'2022-03-22',22,'Tuesday',2,'March',3,2022),(447,'2022-03-23',23,'Wednesday',3,'March',3,2022),(448,'2022-03-24',24,'Thursday',4,'March',3,2022),(449,'2022-03-25',25,'Friday',5,'March',3,2022),(450,'2022-03-26',26,'Saturday',6,'March',3,2022),(451,'2022-03-27',27,'Sunday',0,'March',3,2022),(452,'2022-03-28',28,'Monday',1,'March',3,2022),(453,'2022-03-29',29,'Tuesday',2,'March',3,2022),(454,'2022-03-30',30,'Wednesday',3,'March',3,2022),(455,'2022-03-31',31,'Thursday',4,'March',3,2022),(456,'2022-04-01',1,'Friday',5,'April',4,2022),(457,'2022-04-02',2,'Saturday',6,'April',4,2022),(458,'2022-04-03',3,'Sunday',0,'April',4,2022),(459,'2022-04-04',4,'Monday',1,'April',4,2022),(460,'2022-04-05',5,'Tuesday',2,'April',4,2022),(461,'2022-04-06',6,'Wednesday',3,'April',4,2022),(462,'2022-04-07',7,'Thursday',4,'April',4,2022),(463,'2022-04-08',8,'Friday',5,'April',4,2022),(464,'2022-04-09',9,'Saturday',6,'April',4,2022),(465,'2022-04-10',10,'Sunday',0,'April',4,2022),(466,'2022-04-11',11,'Monday',1,'April',4,2022),(467,'2022-04-12',12,'Tuesday',2,'April',4,2022),(468,'2022-04-13',13,'Wednesday',3,'April',4,2022),(469,'2022-04-14',14,'Thursday',4,'April',4,2022),(470,'2022-04-15',15,'Friday',5,'April',4,2022),(471,'2022-04-16',16,'Saturday',6,'April',4,2022),(472,'2022-04-17',17,'Sunday',0,'April',4,2022),(473,'2022-04-18',18,'Monday',1,'April',4,2022),(474,'2022-04-19',19,'Tuesday',2,'April',4,2022),(475,'2022-04-20',20,'Wednesday',3,'April',4,2022),(476,'2022-04-21',21,'Thursday',4,'April',4,2022),(477,'2022-04-22',22,'Friday',5,'April',4,2022),(478,'2022-04-23',23,'Saturday',6,'April',4,2022),(479,'2022-04-24',24,'Sunday',0,'April',4,2022),(480,'2022-04-25',25,'Monday',1,'April',4,2022),(481,'2022-04-26',26,'Tuesday',2,'April',4,2022),(482,'2022-04-27',27,'Wednesday',3,'April',4,2022),(483,'2022-04-28',28,'Thursday',4,'April',4,2022),(484,'2022-04-29',29,'Friday',5,'April',4,2022),(485,'2022-04-30',30,'Saturday',6,'April',4,2022),(486,'2022-05-01',1,'Sunday',0,'May',5,2022),(487,'2022-05-02',2,'Monday',1,'May',5,2022),(488,'2022-05-03',3,'Tuesday',2,'May',5,2022),(489,'2022-05-04',4,'Wednesday',3,'May',5,2022),(490,'2022-05-05',5,'Thursday',4,'May',5,2022),(491,'2022-05-06',6,'Friday',5,'May',5,2022),(492,'2022-05-07',7,'Saturday',6,'May',5,2022),(493,'2022-05-08',8,'Sunday',0,'May',5,2022),(494,'2022-05-09',9,'Monday',1,'May',5,2022),(495,'2022-05-10',10,'Tuesday',2,'May',5,2022),(496,'2022-05-11',11,'Wednesday',3,'May',5,2022),(497,'2022-05-12',12,'Thursday',4,'May',5,2022),(498,'2022-05-13',13,'Friday',5,'May',5,2022),(499,'2022-05-14',14,'Saturday',6,'May',5,2022),(500,'2022-05-15',15,'Sunday',0,'May',5,2022),(501,'2022-05-16',16,'Monday',1,'May',5,2022),(502,'2022-05-17',17,'Tuesday',2,'May',5,2022),(503,'2022-05-18',18,'Wednesday',3,'May',5,2022),(504,'2022-05-19',19,'Thursday',4,'May',5,2022),(505,'2022-05-20',20,'Friday',5,'May',5,2022),(506,'2022-05-21',21,'Saturday',6,'May',5,2022),(507,'2022-05-22',22,'Sunday',0,'May',5,2022),(508,'2022-05-23',23,'Monday',1,'May',5,2022),(509,'2022-05-24',24,'Tuesday',2,'May',5,2022),(510,'2022-05-25',25,'Wednesday',3,'May',5,2022),(511,'2022-05-26',26,'Thursday',4,'May',5,2022),(512,'2022-05-27',27,'Friday',5,'May',5,2022),(513,'2022-05-28',28,'Saturday',6,'May',5,2022),(514,'2022-05-29',29,'Sunday',0,'May',5,2022),(515,'2022-05-30',30,'Monday',1,'May',5,2022),(516,'2022-05-31',31,'Tuesday',2,'May',5,2022),(517,'2022-06-01',1,'Wednesday',3,'June',6,2022),(518,'2022-06-02',2,'Thursday',4,'June',6,2022),(519,'2022-06-03',3,'Friday',5,'June',6,2022),(520,'2022-06-04',4,'Saturday',6,'June',6,2022),(521,'2022-06-05',5,'Sunday',0,'June',6,2022),(522,'2022-06-06',6,'Monday',1,'June',6,2022),(523,'2022-06-07',7,'Tuesday',2,'June',6,2022),(524,'2022-06-08',8,'Wednesday',3,'June',6,2022),(525,'2022-06-09',9,'Thursday',4,'June',6,2022),(526,'2022-06-10',10,'Friday',5,'June',6,2022),(527,'2022-06-11',11,'Saturday',6,'June',6,2022),(528,'2022-06-12',12,'Sunday',0,'June',6,2022),(529,'2022-06-13',13,'Monday',1,'June',6,2022),(530,'2022-06-14',14,'Tuesday',2,'June',6,2022),(531,'2022-06-15',15,'Wednesday',3,'June',6,2022),(532,'2022-06-16',16,'Thursday',4,'June',6,2022),(533,'2022-06-17',17,'Friday',5,'June',6,2022),(534,'2022-06-18',18,'Saturday',6,'June',6,2022),(535,'2022-06-19',19,'Sunday',0,'June',6,2022),(536,'2022-06-20',20,'Monday',1,'June',6,2022),(537,'2022-06-21',21,'Tuesday',2,'June',6,2022),(538,'2022-06-22',22,'Wednesday',3,'June',6,2022),(539,'2022-06-23',23,'Thursday',4,'June',6,2022),(540,'2022-06-24',24,'Friday',5,'June',6,2022),(541,'2022-06-25',25,'Saturday',6,'June',6,2022),(542,'2022-06-26',26,'Sunday',0,'June',6,2022),(543,'2022-06-27',27,'Monday',1,'June',6,2022),(544,'2022-06-28',28,'Tuesday',2,'June',6,2022),(545,'2022-06-29',29,'Wednesday',3,'June',6,2022),(546,'2022-06-30',30,'Thursday',4,'June',6,2022),(547,'2022-07-01',1,'Friday',5,'July',7,2022),(548,'2022-07-02',2,'Saturday',6,'July',7,2022),(549,'2022-07-03',3,'Sunday',0,'July',7,2022),(550,'2022-07-04',4,'Monday',1,'July',7,2022),(551,'2022-07-05',5,'Tuesday',2,'July',7,2022),(552,'2022-07-06',6,'Wednesday',3,'July',7,2022),(553,'2022-07-07',7,'Thursday',4,'July',7,2022),(554,'2022-07-08',8,'Friday',5,'July',7,2022),(555,'2022-07-09',9,'Saturday',6,'July',7,2022),(556,'2022-07-10',10,'Sunday',0,'July',7,2022),(557,'2022-07-11',11,'Monday',1,'July',7,2022),(558,'2022-07-12',12,'Tuesday',2,'July',7,2022),(559,'2022-07-13',13,'Wednesday',3,'July',7,2022),(560,'2022-07-14',14,'Thursday',4,'July',7,2022),(561,'2022-07-15',15,'Friday',5,'July',7,2022),(562,'2022-07-16',16,'Saturday',6,'July',7,2022),(563,'2022-07-17',17,'Sunday',0,'July',7,2022),(564,'2022-07-18',18,'Monday',1,'July',7,2022),(565,'2022-07-19',19,'Tuesday',2,'July',7,2022),(566,'2022-07-20',20,'Wednesday',3,'July',7,2022),(567,'2022-07-21',21,'Thursday',4,'July',7,2022),(568,'2022-07-22',22,'Friday',5,'July',7,2022),(569,'2022-07-23',23,'Saturday',6,'July',7,2022),(570,'2022-07-24',24,'Sunday',0,'July',7,2022),(571,'2022-07-25',25,'Monday',1,'July',7,2022),(572,'2022-07-26',26,'Tuesday',2,'July',7,2022),(573,'2022-07-27',27,'Wednesday',3,'July',7,2022),(574,'2022-07-28',28,'Thursday',4,'July',7,2022),(575,'2022-07-29',29,'Friday',5,'July',7,2022),(576,'2022-07-30',30,'Saturday',6,'July',7,2022),(577,'2022-07-31',31,'Sunday',0,'July',7,2022),(578,'2022-08-01',1,'Monday',1,'August',8,2022),(579,'2022-08-02',2,'Tuesday',2,'August',8,2022),(580,'2022-08-03',3,'Wednesday',3,'August',8,2022),(581,'2022-08-04',4,'Thursday',4,'August',8,2022),(582,'2022-08-05',5,'Friday',5,'August',8,2022),(583,'2022-08-06',6,'Saturday',6,'August',8,2022),(584,'2022-08-07',7,'Sunday',0,'August',8,2022),(585,'2022-08-08',8,'Monday',1,'August',8,2022),(586,'2022-08-09',9,'Tuesday',2,'August',8,2022),(587,'2022-08-10',10,'Wednesday',3,'August',8,2022),(588,'2022-08-11',11,'Thursday',4,'August',8,2022),(589,'2022-08-12',12,'Friday',5,'August',8,2022),(590,'2022-08-13',13,'Saturday',6,'August',8,2022),(591,'2022-08-14',14,'Sunday',0,'August',8,2022),(592,'2022-08-15',15,'Monday',1,'August',8,2022),(593,'2022-08-16',16,'Tuesday',2,'August',8,2022),(594,'2022-08-17',17,'Wednesday',3,'August',8,2022),(595,'2022-08-18',18,'Thursday',4,'August',8,2022),(596,'2022-08-19',19,'Friday',5,'August',8,2022),(597,'2022-08-20',20,'Saturday',6,'August',8,2022),(598,'2022-08-21',21,'Sunday',0,'August',8,2022),(599,'2022-08-22',22,'Monday',1,'August',8,2022),(600,'2022-08-23',23,'Tuesday',2,'August',8,2022),(601,'2022-08-24',24,'Wednesday',3,'August',8,2022),(602,'2022-08-25',25,'Thursday',4,'August',8,2022),(603,'2022-08-26',26,'Friday',5,'August',8,2022),(604,'2022-08-27',27,'Saturday',6,'August',8,2022),(605,'2022-08-28',28,'Sunday',0,'August',8,2022),(606,'2022-08-29',29,'Monday',1,'August',8,2022),(607,'2022-08-30',30,'Tuesday',2,'August',8,2022),(608,'2022-08-31',31,'Wednesday',3,'August',8,2022),(609,'2022-09-01',1,'Thursday',4,'September',9,2022),(610,'2022-09-02',2,'Friday',5,'September',9,2022),(611,'2022-09-03',3,'Saturday',6,'September',9,2022),(612,'2022-09-04',4,'Sunday',0,'September',9,2022),(613,'2022-09-05',5,'Monday',1,'September',9,2022),(614,'2022-09-06',6,'Tuesday',2,'September',9,2022),(615,'2022-09-07',7,'Wednesday',3,'September',9,2022),(616,'2022-09-08',8,'Thursday',4,'September',9,2022),(617,'2022-09-09',9,'Friday',5,'September',9,2022),(618,'2022-09-10',10,'Saturday',6,'September',9,2022),(619,'2022-09-11',11,'Sunday',0,'September',9,2022),(620,'2022-09-12',12,'Monday',1,'September',9,2022),(621,'2022-09-13',13,'Tuesday',2,'September',9,2022),(622,'2022-09-14',14,'Wednesday',3,'September',9,2022),(623,'2022-09-15',15,'Thursday',4,'September',9,2022),(624,'2022-09-16',16,'Friday',5,'September',9,2022),(625,'2022-09-17',17,'Saturday',6,'September',9,2022),(626,'2022-09-18',18,'Sunday',0,'September',9,2022),(627,'2022-09-19',19,'Monday',1,'September',9,2022),(628,'2022-09-20',20,'Tuesday',2,'September',9,2022),(629,'2022-09-21',21,'Wednesday',3,'September',9,2022),(630,'2022-09-22',22,'Thursday',4,'September',9,2022),(631,'2022-09-23',23,'Friday',5,'September',9,2022),(632,'2022-09-24',24,'Saturday',6,'September',9,2022),(633,'2022-09-25',25,'Sunday',0,'September',9,2022),(634,'2022-09-26',26,'Monday',1,'September',9,2022),(635,'2022-09-27',27,'Tuesday',2,'September',9,2022),(636,'2022-09-28',28,'Wednesday',3,'September',9,2022),(637,'2022-09-29',29,'Thursday',4,'September',9,2022),(638,'2022-09-30',30,'Friday',5,'September',9,2022),(639,'2022-10-01',1,'Saturday',6,'October',10,2022),(640,'2022-10-02',2,'Sunday',0,'October',10,2022),(641,'2022-10-03',3,'Monday',1,'October',10,2022),(642,'2022-10-04',4,'Tuesday',2,'October',10,2022),(643,'2022-10-05',5,'Wednesday',3,'October',10,2022),(644,'2022-10-06',6,'Thursday',4,'October',10,2022),(645,'2022-10-07',7,'Friday',5,'October',10,2022),(646,'2022-10-08',8,'Saturday',6,'October',10,2022),(647,'2022-10-09',9,'Sunday',0,'October',10,2022),(648,'2022-10-10',10,'Monday',1,'October',10,2022),(649,'2022-10-11',11,'Tuesday',2,'October',10,2022),(650,'2022-10-12',12,'Wednesday',3,'October',10,2022),(651,'2022-10-13',13,'Thursday',4,'October',10,2022),(652,'2022-10-14',14,'Friday',5,'October',10,2022),(653,'2022-10-15',15,'Saturday',6,'October',10,2022),(654,'2022-10-16',16,'Sunday',0,'October',10,2022),(655,'2022-10-17',17,'Monday',1,'October',10,2022),(656,'2022-10-18',18,'Tuesday',2,'October',10,2022),(657,'2022-10-19',19,'Wednesday',3,'October',10,2022),(658,'2022-10-20',20,'Thursday',4,'October',10,2022),(659,'2022-10-21',21,'Friday',5,'October',10,2022),(660,'2022-10-22',22,'Saturday',6,'October',10,2022),(661,'2022-10-23',23,'Sunday',0,'October',10,2022),(662,'2022-10-24',24,'Monday',1,'October',10,2022),(663,'2022-10-25',25,'Tuesday',2,'October',10,2022),(664,'2022-10-26',26,'Wednesday',3,'October',10,2022),(665,'2022-10-27',27,'Thursday',4,'October',10,2022),(666,'2022-10-28',28,'Friday',5,'October',10,2022),(667,'2022-10-29',29,'Saturday',6,'October',10,2022),(668,'2022-10-30',30,'Sunday',0,'October',10,2022),(669,'2022-10-31',31,'Monday',1,'October',10,2022),(670,'2022-11-01',1,'Tuesday',2,'November',11,2022),(671,'2022-11-02',2,'Wednesday',3,'November',11,2022),(672,'2022-11-03',3,'Thursday',4,'November',11,2022),(673,'2022-11-04',4,'Friday',5,'November',11,2022),(674,'2022-11-05',5,'Saturday',6,'November',11,2022),(675,'2022-11-06',6,'Sunday',0,'November',11,2022),(676,'2022-11-07',7,'Monday',1,'November',11,2022),(677,'2022-11-08',8,'Tuesday',2,'November',11,2022),(678,'2022-11-09',9,'Wednesday',3,'November',11,2022),(679,'2022-11-10',10,'Thursday',4,'November',11,2022),(680,'2022-11-11',11,'Friday',5,'November',11,2022),(681,'2022-11-12',12,'Saturday',6,'November',11,2022),(682,'2022-11-13',13,'Sunday',0,'November',11,2022),(683,'2022-11-14',14,'Monday',1,'November',11,2022),(684,'2022-11-15',15,'Tuesday',2,'November',11,2022),(685,'2022-11-16',16,'Wednesday',3,'November',11,2022),(686,'2022-11-17',17,'Thursday',4,'November',11,2022),(687,'2022-11-18',18,'Friday',5,'November',11,2022),(688,'2022-11-19',19,'Saturday',6,'November',11,2022),(689,'2022-11-20',20,'Sunday',0,'November',11,2022),(690,'2022-11-21',21,'Monday',1,'November',11,2022),(691,'2022-11-22',22,'Tuesday',2,'November',11,2022),(692,'2022-11-23',23,'Wednesday',3,'November',11,2022),(693,'2022-11-24',24,'Thursday',4,'November',11,2022),(694,'2022-11-25',25,'Friday',5,'November',11,2022),(695,'2022-11-26',26,'Saturday',6,'November',11,2022),(696,'2022-11-27',27,'Sunday',0,'November',11,2022),(697,'2022-11-28',28,'Monday',1,'November',11,2022),(698,'2022-11-29',29,'Tuesday',2,'November',11,2022),(699,'2022-11-30',30,'Wednesday',3,'November',11,2022),(700,'2022-12-01',1,'Thursday',4,'December',12,2022),(701,'2022-12-02',2,'Friday',5,'December',12,2022),(702,'2022-12-03',3,'Saturday',6,'December',12,2022),(703,'2022-12-04',4,'Sunday',0,'December',12,2022),(704,'2022-12-05',5,'Monday',1,'December',12,2022),(705,'2022-12-06',6,'Tuesday',2,'December',12,2022),(706,'2022-12-07',7,'Wednesday',3,'December',12,2022),(707,'2022-12-08',8,'Thursday',4,'December',12,2022),(708,'2022-12-09',9,'Friday',5,'December',12,2022),(709,'2022-12-10',10,'Saturday',6,'December',12,2022),(710,'2022-12-11',11,'Sunday',0,'December',12,2022),(711,'2022-12-12',12,'Monday',1,'December',12,2022),(712,'2022-12-13',13,'Tuesday',2,'December',12,2022),(713,'2022-12-14',14,'Wednesday',3,'December',12,2022),(714,'2022-12-15',15,'Thursday',4,'December',12,2022),(715,'2022-12-16',16,'Friday',5,'December',12,2022),(716,'2022-12-17',17,'Saturday',6,'December',12,2022),(717,'2022-12-18',18,'Sunday',0,'December',12,2022),(718,'2022-12-19',19,'Monday',1,'December',12,2022),(719,'2022-12-20',20,'Tuesday',2,'December',12,2022),(720,'2022-12-21',21,'Wednesday',3,'December',12,2022),(721,'2022-12-22',22,'Thursday',4,'December',12,2022),(722,'2022-12-23',23,'Friday',5,'December',12,2022),(723,'2022-12-24',24,'Saturday',6,'December',12,2022),(724,'2022-12-25',25,'Sunday',0,'December',12,2022),(725,'2022-12-26',26,'Monday',1,'December',12,2022),(726,'2022-12-27',27,'Tuesday',2,'December',12,2022),(727,'2022-12-28',28,'Wednesday',3,'December',12,2022),(728,'2022-12-29',29,'Thursday',4,'December',12,2022),(729,'2022-12-30',30,'Friday',5,'December',12,2022);
/*!40000 ALTER TABLE `calendar` ENABLE KEYS */;
UNLOCK TABLES;

--
-- Table structure for table `hotels`
--

DROP TABLE IF EXISTS `hotels`;
/*!40101 SET @saved_cs_client     = @@character_set_client */;
/*!50503 SET character_set_client = utf8mb4 */;
CREATE TABLE `hotels` (
  `id` int NOT NULL AUTO_INCREMENT,
  `name` varchar(50) DEFAULT NULL,
  `telephone` varchar(20) DEFAULT NULL,
  `website` varchar(100) DEFAULT NULL,
  `description` varchar(100) DEFAULT NULL,
  `owner` varchar(50) DEFAULT NULL,
  `created_time` timestamp NOT NULL DEFAULT CURRENT_TIMESTAMP,
  `updated_time` timestamp NOT NULL DEFAULT CURRENT_TIMESTAMP ON UPDATE CURRENT_TIMESTAMP,
  PRIMARY KEY (`id`)
) ENGINE=InnoDB AUTO_INCREMENT=3 DEFAULT CHARSET=utf8mb4 COLLATE=utf8mb4_0900_ai_ci;
/*!40101 SET character_set_client = @saved_cs_client */;

--
-- Dumping data for table `hotels`
--

LOCK TABLES `hotels` WRITE;
/*!40000 ALTER TABLE `hotels` DISABLE KEYS */;
INSERT INTO `hotels` VALUES (1,'Carlton','0535719531','http://www.guillou.com/posts/main/index.asp','L\'art d\'avancer plus rapidement','Nath Blondel','2021-09-05 08:42:41','2021-09-05 08:42:41'),(2,'Lutetia','01 60 25 95 09','http://www.carpentier.org/blog/tags/tags/about/','Le pouvoir de concrétiser vos projets autrement','Gilbert Rossi','2021-09-05 08:42:41','2021-09-05 08:42:41');
/*!40000 ALTER TABLE `hotels` ENABLE KEYS */;
UNLOCK TABLES;

--
-- Table structure for table `options`
--

DROP TABLE IF EXISTS `options`;
/*!40101 SET @saved_cs_client     = @@character_set_client */;
/*!50503 SET character_set_client = utf8mb4 */;
CREATE TABLE `options` (
  `id` int NOT NULL AUTO_INCREMENT,
  `name` varchar(100) DEFAULT NULL,
  `price` float DEFAULT NULL,
  `created_time` timestamp NOT NULL DEFAULT CURRENT_TIMESTAMP,
  `updated_time` timestamp NOT NULL DEFAULT CURRENT_TIMESTAMP ON UPDATE CURRENT_TIMESTAMP,
  PRIMARY KEY (`id`)
) ENGINE=InnoDB AUTO_INCREMENT=5 DEFAULT CHARSET=utf8mb4 COLLATE=utf8mb4_0900_ai_ci;
/*!40101 SET character_set_client = @saved_cs_client */;

--
-- Dumping data for table `options`
--

LOCK TABLES `options` WRITE;
/*!40000 ALTER TABLE `options` DISABLE KEYS */;
INSERT INTO `options` VALUES (1,'Parking',25,'2021-09-05 08:42:41','2021-09-05 08:42:41'),(2,'Baby cot',0,'2021-09-05 08:42:41','2021-09-05 08:42:41'),(3,'Romance pack',50,'2021-09-05 08:42:41','2021-09-05 08:42:41'),(4,'Breakfast',30,'2021-09-05 08:42:41','2021-09-05 08:42:41');
/*!40000 ALTER TABLE `options` ENABLE KEYS */;
UNLOCK TABLES;

--
-- Table structure for table `price_policies`
--

DROP TABLE IF EXISTS `price_policies`;
/*!40101 SET @saved_cs_client     = @@character_set_client */;
/*!50503 SET character_set_client = utf8mb4 */;
CREATE TABLE `price_policies` (
  `id` int NOT NULL AUTO_INCREMENT,
  `room_id` int DEFAULT NULL,
  `name` varchar(100) DEFAULT NULL,
  `price_policy_type` int DEFAULT NULL,
  `room_majoration` float DEFAULT NULL,
  `day_number` int DEFAULT NULL,
  `capacity_limit` int DEFAULT NULL,
  `majoration_start_date` datetime DEFAULT NULL,
  `majoration_end_date` datetime DEFAULT NULL,
  `is_default` tinyint(1) NOT NULL,
  `created_time` timestamp NOT NULL DEFAULT CURRENT_TIMESTAMP,
  `updated_time` timestamp NOT NULL DEFAULT CURRENT_TIMESTAMP ON UPDATE CURRENT_TIMESTAMP,
  PRIMARY KEY (`id`),
  KEY `room_id` (`room_id`),
  CONSTRAINT `price_policies_ibfk_1` FOREIGN KEY (`room_id`) REFERENCES `rooms` (`id`)
) ENGINE=InnoDB AUTO_INCREMENT=36 DEFAULT CHARSET=utf8mb4 COLLATE=utf8mb4_0900_ai_ci;
/*!40101 SET character_set_client = @saved_cs_client */;

--
-- Dumping data for table `price_policies`
--

LOCK TABLES `price_policies` WRITE;
/*!40000 ALTER TABLE `price_policies` DISABLE KEYS */;
INSERT INTO `price_policies` VALUES (1,1,'Wednesday Minoration',1,-10,3,NULL,NULL,NULL,1,'2021-09-05 08:42:41','2021-09-05 08:42:41'),(2,1,'Thursday Minoration',1,-10,4,NULL,NULL,NULL,1,'2021-09-05 08:42:41','2021-09-05 08:42:41'),(3,1,'Friday Majoration',1,15,5,NULL,NULL,NULL,1,'2021-09-05 08:42:41','2021-09-05 08:42:41'),(4,1,'Saturday Majoration',1,15,6,NULL,NULL,NULL,1,'2021-09-05 08:42:41','2021-09-05 08:42:41'),(5,2,'Wednesday Minoration',1,-10,3,NULL,NULL,NULL,1,'2021-09-05 08:42:41','2021-09-05 08:42:41'),(6,2,'Thursday Minoration',1,-10,4,NULL,NULL,NULL,1,'2021-09-05 08:42:41','2021-09-05 08:42:41'),(7,2,'Friday Majoration',1,15,5,NULL,NULL,NULL,1,'2021-09-05 08:42:41','2021-09-05 08:42:41'),(8,2,'Saturday Majoration',1,15,6,NULL,NULL,NULL,1,'2021-09-05 08:42:41','2021-09-05 08:42:41'),(9,3,'Wednesday Minoration',1,-10,3,NULL,NULL,NULL,1,'2021-09-05 08:42:41','2021-09-05 08:42:41'),(10,3,'Thursday Minoration',1,-10,4,NULL,NULL,NULL,1,'2021-09-05 08:42:41','2021-09-05 08:42:41'),(11,3,'Friday Majoration',1,15,5,NULL,NULL,NULL,1,'2021-09-05 08:42:41','2021-09-05 08:42:41'),(12,3,'Saturday Majoration',1,15,6,NULL,NULL,NULL,1,'2021-09-05 08:42:41','2021-09-05 08:42:41'),(13,4,'Wednesday Minoration',1,-10,3,NULL,NULL,NULL,1,'2021-09-05 08:42:41','2021-09-05 08:42:41'),(14,4,'Thursday Minoration',1,-10,4,NULL,NULL,NULL,1,'2021-09-05 08:42:41','2021-09-05 08:42:41'),(15,4,'Friday Majoration',1,15,5,NULL,NULL,NULL,1,'2021-09-05 08:42:41','2021-09-05 08:42:41'),(16,4,'Saturday Majoration',1,15,6,NULL,NULL,NULL,1,'2021-09-05 08:42:41','2021-09-05 08:42:41'),(17,5,'Wednesday Minoration',1,-10,3,NULL,NULL,NULL,1,'2021-09-05 08:42:41','2021-09-05 08:42:41'),(18,5,'Thursday Minoration',1,-10,4,NULL,NULL,NULL,1,'2021-09-05 08:42:41','2021-09-05 08:42:41'),(19,5,'Friday Majoration',1,15,5,NULL,NULL,NULL,1,'2021-09-05 08:42:41','2021-09-05 08:42:41'),(20,5,'Saturday Majoration',1,15,6,NULL,NULL,NULL,1,'2021-09-05 08:42:41','2021-09-05 08:42:41'),(21,6,'Wednesday Minoration',1,-10,3,NULL,NULL,NULL,1,'2021-09-05 08:42:41','2021-09-05 08:42:41'),(22,6,'Thursday Minoration',1,-10,4,NULL,NULL,NULL,1,'2021-09-05 08:42:41','2021-09-05 08:42:41'),(23,6,'Friday Majoration',1,15,5,NULL,NULL,NULL,1,'2021-09-05 08:42:41','2021-09-05 08:42:41'),(24,6,'Saturday Majoration',1,15,6,NULL,NULL,NULL,1,'2021-09-05 08:42:41','2021-09-05 08:42:41'),(25,7,'Wednesday Minoration',1,-10,3,NULL,NULL,NULL,1,'2021-09-05 08:42:41','2021-09-05 08:42:41'),(26,7,'Thursday Minoration',1,-10,4,NULL,NULL,NULL,1,'2021-09-05 08:42:41','2021-09-05 08:42:41'),(27,7,'Friday Majoration',1,15,5,NULL,NULL,NULL,1,'2021-09-05 08:42:41','2021-09-05 08:42:41'),(28,7,'Saturday Majoration',1,15,6,NULL,NULL,NULL,1,'2021-09-05 08:42:41','2021-09-05 08:42:41'),(29,1,'Capacity Minoration',2,-5,NULL,1,NULL,NULL,1,'2021-09-05 08:42:41','2021-09-05 08:42:41'),(30,2,'Capacity Minoration',2,-5,NULL,1,NULL,NULL,1,'2021-09-05 08:42:41','2021-09-05 08:42:41'),(31,3,'Capacity Minoration',2,-5,NULL,1,NULL,NULL,1,'2021-09-05 08:42:41','2021-09-05 08:42:41'),(32,4,'Capacity Minoration',2,-5,NULL,1,NULL,NULL,1,'2021-09-05 08:42:41','2021-09-05 08:42:41'),(33,5,'Capacity Minoration',2,-5,NULL,1,NULL,NULL,1,'2021-09-05 08:42:41','2021-09-05 08:42:41'),(34,6,'Capacity Minoration',2,-5,NULL,1,NULL,NULL,1,'2021-09-05 08:42:41','2021-09-05 08:42:41'),(35,7,'Capacity Minoration',2,-5,NULL,1,NULL,NULL,1,'2021-09-05 08:42:41','2021-09-05 08:42:41');
/*!40000 ALTER TABLE `price_policies` ENABLE KEYS */;
UNLOCK TABLES;

--
-- Table structure for table `rooms`
--

DROP TABLE IF EXISTS `rooms`;
/*!40101 SET @saved_cs_client     = @@character_set_client */;
/*!50503 SET character_set_client = utf8mb4 */;
CREATE TABLE `rooms` (
  `id` int NOT NULL AUTO_INCREMENT,
  `hotel_id` int DEFAULT NULL,
  `room` varchar(50) DEFAULT NULL,
  `capacity` int DEFAULT NULL,
  `price` float DEFAULT NULL,
  `created_time` timestamp NOT NULL DEFAULT CURRENT_TIMESTAMP,
  `updated_time` timestamp NOT NULL DEFAULT CURRENT_TIMESTAMP ON UPDATE CURRENT_TIMESTAMP,
  PRIMARY KEY (`id`),
  KEY `hotel_id` (`hotel_id`),
  CONSTRAINT `rooms_ibfk_1` FOREIGN KEY (`hotel_id`) REFERENCES `hotels` (`id`)
) ENGINE=InnoDB AUTO_INCREMENT=8 DEFAULT CHARSET=utf8mb4 COLLATE=utf8mb4_0900_ai_ci;
/*!40101 SET character_set_client = @saved_cs_client */;

--
-- Dumping data for table `rooms`
--

LOCK TABLES `rooms` WRITE;
/*!40000 ALTER TABLE `rooms` DISABLE KEYS */;
INSERT INTO `rooms` VALUES (1,1,'S',3,720,'2021-09-05 08:42:41','2021-09-05 08:42:41'),(2,1,'JS',2,500,'2021-09-05 08:42:41','2021-09-05 08:42:41'),(3,1,'CD',2,300,'2021-09-05 08:42:41','2021-09-05 08:42:41'),(4,1,'CS',2,150,'2021-09-05 08:42:41','2021-09-05 08:42:41'),(5,1,'CS',2,150,'2021-09-05 08:42:41','2021-09-05 08:42:41'),(6,2,'SR',5,1000,'2021-09-05 08:42:41','2021-09-05 08:42:41'),(7,2,'SR',5,1000,'2021-09-05 08:42:41','2021-09-05 08:42:41');
/*!40000 ALTER TABLE `rooms` ENABLE KEYS */;
UNLOCK TABLES;

--
-- Table structure for table `users`
--

DROP TABLE IF EXISTS `users`;
/*!40101 SET @saved_cs_client     = @@character_set_client */;
/*!50503 SET character_set_client = utf8mb4 */;
CREATE TABLE `users` (
  `id` bigint NOT NULL AUTO_INCREMENT,
  `first_name` varchar(50) DEFAULT NULL,
  `last_name` varchar(50) DEFAULT NULL,
  `is_admin` tinyint(1) DEFAULT NULL,
  `email` varchar(50) DEFAULT NULL,
  `telephone` varchar(20) DEFAULT NULL,
  `username` varchar(50) DEFAULT NULL,
  `password` varchar(70) DEFAULT NULL,
  `created_time` timestamp NOT NULL DEFAULT CURRENT_TIMESTAMP,
  `updated_time` timestamp NOT NULL DEFAULT CURRENT_TIMESTAMP ON UPDATE CURRENT_TIMESTAMP,
  PRIMARY KEY (`id`)
) ENGINE=InnoDB AUTO_INCREMENT=501 DEFAULT CHARSET=utf8mb4 COLLATE=utf8mb4_0900_ai_ci;
/*!40101 SET character_set_client = @saved_cs_client */;

--
-- Dumping data for table `users`
--

LOCK TABLES `users` WRITE;
/*!40000 ALTER TABLE `users` DISABLE KEYS */;
INSERT INTO `users` VALUES (1,'Bernard','Caron',1,'admin0@mybooking.services','0442664690',NULL,'b1d3a980e89d3def86abcd5a8fb81859dc5760ea0e48a853557c4fca','2021-09-05 08:42:41','2021-09-05 08:42:41'),(2,'Valérie','Loiseau',1,'admin1@mybooking.services','+33 (0)2 71 64 48 41',NULL,'79d10aa2926f3cdfc01b3be9a4c286d2e50a98a29647093e5975b2b1','2021-09-05 08:42:41','2021-09-05 08:42:41'),(3,'Monique','Leclercq',0,'margaud01@free.fr','+33 (0)1 14 04 93 88',NULL,'d8a7260641dcfe57c893d9f354af16b571a80f6f99932824ec21fddf','2021-09-05 08:42:41','2021-09-05 08:42:41'),(4,'David','Pasquier',0,'lenoirchristiane@tiscali.fr','0806400950',NULL,'a52ca74c7c6aac6f0d42ae1932c785a389b613f1c2ad9049e2625c07','2021-09-05 08:42:41','2021-09-05 08:42:41'),(5,'Lucas','Jean',0,'vgay@club-internet.fr','+33 (0)4 11 80 27 31',NULL,'eedc0fd2543cec20f23be0c0f57785deb3394b61cec8f7256338872a','2021-09-05 08:42:41','2021-09-05 08:42:41'),(6,'Emmanuelle','Bodin',0,'josette21@laposte.net','+33 (0)1 92 94 30 06',NULL,'44319acd248df9affd2e57686a39421bc99f1cbfbacc8add735b7b5c','2021-09-05 08:42:41','2021-09-05 08:42:41'),(7,'Alexandrie','Lecoq',0,'sylviedelahaye@dbmail.com','+33 (0)2 74 35 33 08',NULL,'ad2b39718407a564ba4aba1a4e6991dcbdbe4f168cfa7781dee35db4','2021-09-05 08:42:41','2021-09-05 08:42:41'),(8,'Georges','Bousquet',0,'pfoucher@noos.fr','0260274857',NULL,'07b82691395541bf1192144a10066ac5346dc8ed5fafd92c0d9b9596','2021-09-05 08:42:41','2021-09-05 08:42:41'),(9,'Camille','Muller',0,'mhubert@hotmail.fr','0805095889',NULL,'0cec803c6a2f41d751536d8ec368da86d92452e53443478dc802643f','2021-09-05 08:42:41','2021-09-05 08:42:41'),(10,'Paul','Leconte',0,'henrietteda-costa@tele2.fr','0255518379',NULL,'f2b997e72313ae5a30c8e5ba17c4e05a6f59104e8f690217f65bc330','2021-09-05 08:42:41','2021-09-05 08:42:41'),(11,'Benoît','Pierre',0,'jguillou@noos.fr','+33 5 72 26 63 49',NULL,'0e6b1cc0437219f38b1a5207899049f3c84ee037dc2dc1537cdf91c2','2021-09-05 08:42:41','2021-09-05 08:42:41'),(12,'Rémy','Weiss',0,'capucine80@bouygtel.fr','+33 (0)8 04 99 46 58',NULL,'7c02981b7d5f8b0bf4a0059ae520e4505a546b3f80c48a70ae0424a7','2021-09-05 08:42:41','2021-09-05 08:42:41'),(13,'Franck','Perret',0,'ojacquet@orange.fr','+33 3 25 23 22 34',NULL,'b0864f4c3ed070de6d018d3238b6fb85e83e6d24b8c3434346311866','2021-09-05 08:42:41','2021-09-05 08:42:41'),(14,'Julie','Tessier',0,'honore46@club-internet.fr','+33 (0)1 23 52 08 09',NULL,'d02e158da13305e59978a79fd7e029dbcb579ef2be1febdb788018f6','2021-09-05 08:42:41','2021-09-05 08:42:41'),(15,'Théophile','Baudry',0,'david42@tele2.fr','02 86 49 79 36',NULL,'74736fd28ef256b4a7d65ed41b7a26510f389048ae39eaee0cdd77a0','2021-09-05 08:42:41','2021-09-05 08:42:41'),(16,'Alain','Antoine',0,'kbenard@gmail.com','06 45 74 86 94',NULL,'873e62bdf966898041ec2a062ca7125ca58f964f86d5e7246a58025c','2021-09-05 08:42:41','2021-09-05 08:42:41'),(17,'Aimée','Boulanger',0,'jacquetmichel@wanadoo.fr','05 22 93 84 38',NULL,'44a72a691828e838f9017f27e0e2004f7668093f9381719904543dab','2021-09-05 08:42:41','2021-09-05 08:42:41'),(18,'Henriette','Besson',0,'gabrielle69@wanadoo.fr','02 61 66 02 87',NULL,'545118e3ff8ed2c20b5b2cebb3d69720e28b2970b2a8918ee24b6a7d','2021-09-05 08:42:41','2021-09-05 08:42:41'),(19,'Gilles','Boulay',0,'jgodard@bouygtel.fr','+33 1 56 07 20 36',NULL,'d78e6b83283a665133a5def09bc9f14df5328843a51fb09bc225c11d','2021-09-05 08:42:41','2021-09-05 08:42:41'),(20,'Jacqueline','Schmitt',0,'wwagner@wanadoo.fr','+33 (0)6 19 57 30 69',NULL,'bd88ff94a3375bca5e8b7d71febae01ae78d0d0153ad3881d63592e3','2021-09-05 08:42:41','2021-09-05 08:42:41'),(21,'Jacqueline','Devaux',0,'charlotteguichard@orange.fr','06 62 25 51 35',NULL,'bd50c88d08e239b0245db9c2a43186da5e76d3b6d669e5ae632d3ef8','2021-09-05 08:42:41','2021-09-05 08:42:41'),(22,'Margaud','Guillaume',0,'eadam@hotmail.fr','+33 2 19 77 21 64',NULL,'b671e0a6c6c6fe8a863b7ab637202903c9de73fbaef9dfe4bf7ef45a','2021-09-05 08:42:41','2021-09-05 08:42:41'),(23,'Honoré','Dupuis',0,'victorlemoine@sfr.fr','0576539333',NULL,'ab2071cd5a1f0f516f9d9c6d92bc3018b986b33ac4af8c993f204855','2021-09-05 08:42:41','2021-09-05 08:42:41'),(24,'Émilie','Roche',0,'camille97@orange.fr','01 52 13 89 86',NULL,'20a8f5ecca54ca328a4424a9437f7cc69ba90d5ac03bdbaffab9f367','2021-09-05 08:42:41','2021-09-05 08:42:41'),(25,'Marine','Gomes',0,'eliseledoux@free.fr','+33 8 04 30 36 74',NULL,'df9cfa2c8020ff54936dd2b10d8468b66b4371008f3e2cea638bed68','2021-09-05 08:42:41','2021-09-05 08:42:41'),(26,'Richard','Bourdon',0,'emmanuel73@tele2.fr','0138018077',NULL,'a2c64fb89ea36d356297025873b52afd28bd4ded08caff3cc46efc17','2021-09-05 08:42:41','2021-09-05 08:42:41'),(27,'Jérôme','Guibert',0,'maryolivie@voila.fr','01 47 66 67 87',NULL,'f43a42fb3ca887a93f5cc8856213ba56387e1f94809c63374c58d189','2021-09-05 08:42:41','2021-09-05 08:42:41'),(28,'Josette','Loiseau',0,'theodore47@hotmail.fr','03 51 13 50 07',NULL,'08781c7a272ff96661a455b711019406149f6943be9bc7421b9f0ea1','2021-09-05 08:42:41','2021-09-05 08:42:41'),(29,'Dominique','Collet',0,'philippeclaire@tiscali.fr','08 09 48 76 37',NULL,'b2fbf2c062a35d2151c822d569acf194c0fd5a3f2e6c6653d518229f','2021-09-05 08:42:41','2021-09-05 08:42:41'),(30,'Élisabeth','Riviere',0,'guillaumemoreno@bouygtel.fr','01 67 68 05 05',NULL,'66b1dd76357d49574dd5ccca994679efc5d425c614a16d605c03e9b6','2021-09-05 08:42:41','2021-09-05 08:42:41'),(31,'Pénélope','Couturier',0,'etiennele-goff@yahoo.fr','0267626500',NULL,'5fdd0e1cff93522e101435b495d583e18542390b09b3848cc6ad59e7','2021-09-05 08:42:41','2021-09-05 08:42:41'),(32,'Capucine','Ollivier',0,'rene25@noos.fr','04 27 55 58 84',NULL,'06b31e3761ce0179112cda0ad3dc579b4ec50776f5b593e9c126d841','2021-09-05 08:42:41','2021-09-05 08:42:41'),(33,'Martin','Paul',0,'gchartier@club-internet.fr','03 33 56 53 90',NULL,'e61d917ddd532343ca35cf459220ad063adc541023c1332597909b60','2021-09-05 08:42:41','2021-09-05 08:42:41'),(34,'Adélaïde','Fischer',0,'leroylaurence@sfr.fr','01 12 92 26 60',NULL,'489459fd20c02a33bf1e637ca506148d19e51b3907c7d426a4e8f0d6','2021-09-05 08:42:41','2021-09-05 08:42:41'),(35,'Emmanuelle','Fischer',0,'jpicard@laposte.net','03 09 78 64 60',NULL,'806890f4c51824a5a85973c12755806756810e665b1db3cc45d0f556','2021-09-05 08:42:41','2021-09-05 08:42:41'),(36,'Maggie','Cordier',0,'goncalvescatherine@bouygtel.fr','+33 1 92 47 58 68',NULL,'33fdf6ce76a08d416ca9d83045c449befa3782ce44ddc9085d7a3b57','2021-09-05 08:42:41','2021-09-05 08:42:41'),(37,'Jacques','Ferreira',0,'vleroux@free.fr','+33 4 71 67 77 71',NULL,'32b29ec99e3e89a13f5510843ec9e05ada62b5629e3474f7c124ac58','2021-09-05 08:42:41','2021-09-05 08:42:41'),(38,'Aurore','Lagarde',0,'samsonjoseph@noos.fr','0389301507',NULL,'d9825039889f510c2a490b62c45379f9342b7cdc60e3686eabbc2606','2021-09-05 08:42:41','2021-09-05 08:42:41'),(39,'Alix','Ramos',0,'caronpierre@bouygtel.fr','0365582370',NULL,'33f5913ca88773c196be6300d22d8028ee4b20a5c375ec679d3bb405','2021-09-05 08:42:41','2021-09-05 08:42:41'),(40,'Alexandre','Colas',0,'edouardloiseau@laposte.net','06 52 87 62 20',NULL,'36ea9dbb2ef6024ba9a83aa467aeab1b269ce3ab12ddc7c4789d5ab9','2021-09-05 08:42:41','2021-09-05 08:42:41'),(41,'Patricia','Rousseau',0,'michelleletellier@ifrance.com','03 91 85 63 77',NULL,'a0c657518f89e28e7def2fa9e2ca3021a43d19159900403006e62231','2021-09-05 08:42:41','2021-09-05 08:42:41'),(42,'Xavier','Navarro',0,'ericmartins@voila.fr','+33 (0)2 12 43 90 97',NULL,'85598193be913b30365d83161ec2b195875675b9f7b318fcc9d22fab','2021-09-05 08:42:41','2021-09-05 08:42:41'),(43,'Margot','Gerard',0,'edith49@orange.fr','+33 (0)6 97 13 03 41',NULL,'141b005f4d734af47e4c426ac4d282145ca6ec92b1037abd52e0addd','2021-09-05 08:42:41','2021-09-05 08:42:41'),(44,'Robert','Pasquier',0,'arnaude45@club-internet.fr','+33 (0)2 54 49 20 47',NULL,'bfa1a0cb8d2d55ebda6e65fe0436729248cab1ae0ccfad5203fc805b','2021-09-05 08:42:41','2021-09-05 08:42:41'),(45,'William','Imbert',0,'laetitia89@noos.fr','06 86 12 85 41',NULL,'cf8ab3397481e42fe4fea8ccb2900cb822fd2a656f85a7fa86511e52','2021-09-05 08:42:41','2021-09-05 08:42:41'),(46,'Sylvie','Costa',0,'lebrunlorraine@wanadoo.fr','+33 4 25 37 53 28',NULL,'18cd5aea2251e166b75a80c0f70a60e5869ad1aa18fa080b3290ab60','2021-09-05 08:42:41','2021-09-05 08:42:41'),(47,'Céline','Colin',0,'nath29@bouygtel.fr','+33 5 23 40 45 78',NULL,'c5573fd0cbce170029c5d060f90249350e912b2fcc994ed25b26ad34','2021-09-05 08:42:41','2021-09-05 08:42:41'),(48,'Charlotte','Bodin',0,'chevallieroceane@sfr.fr','0804060354',NULL,'fd2ea20c0770b1bdd1ac4a27726b23b2b6f9591ed334d12ffef9434f','2021-09-05 08:42:41','2021-09-05 08:42:41'),(49,'Thibault','Gilbert',0,'gerard16@live.com','0531381614',NULL,'b88beb069aaf037f7294bcff465ed393d5a496353f7e0ff156e68978','2021-09-05 08:42:41','2021-09-05 08:42:41'),(50,'Clémence','De Sousa',0,'lelievrelorraine@sfr.fr','+33 (0)1 12 42 14 40',NULL,'b0a3ed0d2ee6d32cc828a9cf200e4a3399c46e162e29b997b64db1cd','2021-09-05 08:42:41','2021-09-05 08:42:41'),(51,'Geneviève','Fernandez',0,'nperrot@yahoo.fr','0170999440',NULL,'0376f045e089b384e2527afa4594567e96fa5247c2e32fb39b3a89af','2021-09-05 08:42:41','2021-09-05 08:42:41'),(52,'Arthur','Bouchet',0,'esanchez@live.com','0465390376',NULL,'114dfc72a6e1e02bcb3c725a623112d706b9cb02bf4374d71e9029fe','2021-09-05 08:42:41','2021-09-05 08:42:41'),(53,'Jeannine','Fournier',0,'danieleugene@tiscali.fr','+33 5 51 45 37 73',NULL,'e5162ee0ed318f5275f2e4f813c09a3e611dc728ea98a6e039feddc1','2021-09-05 08:42:41','2021-09-05 08:42:41'),(54,'Mathilde','Marie',0,'maurice06@live.com','+33 (0)1 95 92 22 66',NULL,'6a11200cbbee604007c15179aa0edd595fd24109ba3d5f9c3310d2be','2021-09-05 08:42:41','2021-09-05 08:42:41'),(55,'Sabine','Bouvet',0,'jpineau@sfr.fr','+33 8 04 40 57 57',NULL,'0f52966d0aab8919d5e9a636088f4dec862e2c43c999507199ee1a18','2021-09-05 08:42:41','2021-09-05 08:42:41'),(56,'Bertrand','Chretien',0,'alexandriejacquet@live.com','02 88 99 23 75',NULL,'1b89b3b8a15a08c6659a5219ffb22ccc2f3b8eaafbbf51823d66d174','2021-09-05 08:42:41','2021-09-05 08:42:41'),(57,'Dorothée','Lemaire',0,'charpentiermarthe@hotmail.fr','+33 3 10 58 04 09',NULL,'c17d3befc1aeaec3c27347002cb7b193934ab294e4c8357b4f3d177a','2021-09-05 08:42:41','2021-09-05 08:42:41'),(58,'Étienne','Bouchet',0,'hriviere@tele2.fr','0800242194',NULL,'e5683fbaa78cb5d1f584dac924f1728ff68fd380c986ad0a460fa83a','2021-09-05 08:42:41','2021-09-05 08:42:41'),(59,'Guillaume','Gosselin',0,'sebastienlopez@live.com','+33 6 07 36 64 70',NULL,'220892bf79fac1946fa54a23b396500fbf886e23a43316c986b66523','2021-09-05 08:42:41','2021-09-05 08:42:41'),(60,'Élisabeth','Boulanger',0,'pmasson@gmail.com','01 53 79 02 23',NULL,'6d95c3fc8650211bfb7f3a64723186bdd38391823114f1a35de00c63','2021-09-05 08:42:41','2021-09-05 08:42:41'),(61,'Denise','Maillet',0,'christinechartier@sfr.fr','0437980065',NULL,'40eb3d823fbc8328f16ca0a11ecf04403c549945e5b27e8e513cb28d','2021-09-05 08:42:41','2021-09-05 08:42:41'),(62,'Louise','Moulin',0,'fredericlebrun@live.com','+33 1 26 26 22 78',NULL,'cd585528dde298f4b91c8d988336504137327746467b3e1639cb73cb','2021-09-05 08:42:41','2021-09-05 08:42:41'),(63,'Laetitia','Duhamel',0,'ida-silva@laposte.net','+33 6 97 61 16 09',NULL,'33efae0868858a34093e9c855237bacc53a04d25843696526a8e8e4e','2021-09-05 08:42:41','2021-09-05 08:42:41'),(64,'Lucie','Lemonnier',0,'frederic75@yahoo.fr','+33 (0)5 79 82 88 96',NULL,'bb4f9ca624cd779f0493b537c69158140201c5fbdf63f896cdf7156c','2021-09-05 08:42:41','2021-09-05 08:42:41'),(65,'Grégoire','Moreau',0,'martine30@bouygtel.fr','+33 (0)1 68 40 50 23',NULL,'6ccfd4eb6d7c4245c45c312ad60c98338586cd171c73454956a770c6','2021-09-05 08:42:41','2021-09-05 08:42:41'),(66,'Pénélope','Bonnet',0,'guyperrot@dbmail.com','0440187535',NULL,'e545ba5fd6c7abc8798ccd780970db2b0092d5c0559c5bb2073aa744','2021-09-05 08:42:41','2021-09-05 08:42:41'),(67,'Patrick','Hamel',0,'suzannejoseph@orange.fr','0177605129',NULL,'ee3b9d19200692b94c34970a16d2fcffc6d11ba42e9f064dfe61c675','2021-09-05 08:42:41','2021-09-05 08:42:41'),(68,'Élisabeth','Vallee',0,'guichardzacharie@bouygtel.fr','+33 (0)1 19 73 74 74',NULL,'6c4d13e623efb43763263dee83350ad0138a1a990d9452b85eeffc66','2021-09-05 08:42:41','2021-09-05 08:42:41'),(69,'Émilie','Besnard',0,'blaroche@noos.fr','+33 (0)1 61 78 47 46',NULL,'145d7bc536df6c3ba42de0bf3e57fb503a6b422953e1d4a75203847f','2021-09-05 08:42:41','2021-09-05 08:42:41'),(70,'Clémence','Maillot',0,'holivier@gmail.com','+33 4 55 20 42 21',NULL,'a1d42b636948200dc5710513fa253947d158fe9a8e23bf013fb825fb','2021-09-05 08:42:41','2021-09-05 08:42:41'),(71,'Cécile','Lemaitre',0,'gregoirehardy@sfr.fr','0320242837',NULL,'28b15f0ebe0a680e827b975d7e37ada9dc5fe41a339608eba9d57bc6','2021-09-05 08:42:41','2021-09-05 08:42:41'),(72,'Claire','Clerc',0,'utraore@sfr.fr','+33 6 93 52 89 50',NULL,'81d68ff2139e791fda073d65edf089bf6b172bd7ea267b633e8d1685','2021-09-05 08:42:41','2021-09-05 08:42:41'),(73,'Dominique','Leveque',0,'chauveauaime@gmail.com','+33 8 08 21 97 60',NULL,'cc277f3406c00526b2f16111410af0765d2ed1b3c9344e514b70311e','2021-09-05 08:42:41','2021-09-05 08:42:41'),(74,'Denise','Caron',0,'marie60@hotmail.fr','+33 1 03 08 03 06',NULL,'05069ce1748a97bc962cca29697cf0bd092656f3492bc510f31f1f9c','2021-09-05 08:42:41','2021-09-05 08:42:41'),(75,'Lucy','Roy',0,'philippepoirier@free.fr','+33 4 90 14 51 49',NULL,'ad59d1c715705a5d14459fea783be736caecadc5bae4a00742d7122c','2021-09-05 08:42:41','2021-09-05 08:42:41'),(76,'Pierre','Courtois',0,'eboulanger@voila.fr','0684619397',NULL,'8f6179a91875af15513725ca91a9719bd859119f4d667c9ec1d10659','2021-09-05 08:42:41','2021-09-05 08:42:41'),(77,'Bernard','Garcia',0,'pcousin@free.fr','+33 (0)3 28 42 17 08',NULL,'d80854090cb92f310f1b2315c28daef011450ca1dfee24e9ebab9723','2021-09-05 08:42:41','2021-09-05 08:42:41'),(78,'Daniel','Hoarau',0,'fernandeznicole@sfr.fr','0320026316',NULL,'f937534617950244f8fba2aa3b45c9a594be5dca260274704af57632','2021-09-05 08:42:41','2021-09-05 08:42:41'),(79,'Alice','Martin',0,'dominique34@voila.fr','+33 4 57 84 48 63',NULL,'665ceb60670a43b6cbff89725b21382f67c2fa855b52f3131f6e0ed3','2021-09-05 08:42:41','2021-09-05 08:42:41'),(80,'Isabelle','Bousquet',0,'gmoreno@noos.fr','+33 5 41 91 15 63',NULL,'07b06b5b445780ee260383a7b74b65da347e28b3f596f32c989c05b4','2021-09-05 08:42:41','2021-09-05 08:42:41'),(81,'Aimée','Carlier',0,'alexandria29@laposte.net','+33 (0)6 66 05 06 34',NULL,'0040d4089dec11b118844306c41418c982cbba8704fa6c486cb217d4','2021-09-05 08:42:41','2021-09-05 08:42:41'),(82,'Margot','Fernandez',0,'voisincelina@voila.fr','+33 8 02 81 14 07',NULL,'19362b31bd13257d932925191c27780528649ff143fc0fdec93fea85','2021-09-05 08:42:41','2021-09-05 08:42:41'),(83,'Adrienne','Hamel',0,'jtessier@tiscali.fr','+33 2 61 95 30 11',NULL,'a62002a5e9af77e7399aa3b6778e7d0d84e4518590a2490d6d24a0e4','2021-09-05 08:42:41','2021-09-05 08:42:41'),(84,'Martine','Deschamps',0,'ines05@live.com','02 48 17 42 38',NULL,'976879bbbc504d95e2d1459dbe94e49e789a3fbdde0154a9e893e3bd','2021-09-05 08:42:41','2021-09-05 08:42:41'),(85,'Adrien','Benard',0,'zlemoine@hotmail.fr','08 04 83 05 64',NULL,'520e5e6bde2dbc7d76b909a70959e06e8663ec75a36f0c401bb75003','2021-09-05 08:42:41','2021-09-05 08:42:41'),(86,'Arnaude','Philippe',0,'jacques18@free.fr','0120093683',NULL,'28cc26db70ae88cf78acb31f4a9010f8a3a33e4eda068575f8038060','2021-09-05 08:42:41','2021-09-05 08:42:41'),(87,'Zoé','David',0,'michelegarcia@dbmail.com','+33 4 08 68 80 82',NULL,'80f60e19d5258afa05bea51d451cfb1cc9cd8a77a31cee8aac709049','2021-09-05 08:42:41','2021-09-05 08:42:41'),(88,'Odette','Joseph',0,'mahepatricia@tele2.fr','+33 1 28 87 54 79',NULL,'becc482a83ea1842b4f90e6a1ca6cd3c6cb0c374d9a38c2c3066bfdd','2021-09-05 08:42:41','2021-09-05 08:42:41'),(89,'Richard','Delannoy',0,'afernandes@gmail.com','0487158671',NULL,'6444263ce43a2a37a37033609195184c7a8050abffa7f90312a0f958','2021-09-05 08:42:41','2021-09-05 08:42:41'),(90,'Martin','Hamon',0,'rene45@voila.fr','+33 (0)2 45 96 94 49',NULL,'8a232cf58c678ada165237337f1b6ce6924ff53248e984e970e921b0','2021-09-05 08:42:41','2021-09-05 08:42:41'),(91,'Geneviève','Boulanger',0,'cperrot@sfr.fr','+33 (0)1 66 57 60 26',NULL,'2582c44457359da6eea0fe393b379a0ff1e3d0e4e8a3b1aaf6afb223','2021-09-05 08:42:41','2021-09-05 08:42:41'),(92,'Anastasie','Perrier',0,'benjamin14@club-internet.fr','0678362136',NULL,'88b69ba411eb773aff612d1e6dccbe65d38be4b47626ab80ce75b89b','2021-09-05 08:42:41','2021-09-05 08:42:41'),(93,'François','Guibert',0,'chevallieraugustin@wanadoo.fr','+33 4 65 92 68 95',NULL,'05d41f301ce42ba44cc9fec4f85c427ecaff37f6eb430a1d6d786aea','2021-09-05 08:42:41','2021-09-05 08:42:41'),(94,'Aurore','Vallet',0,'aurore93@live.com','+33 (0)6 78 63 97 36',NULL,'3f36640c21dd2079d16a854a4b4c6c12f5a740ed8d10f0b89486f1a2','2021-09-05 08:42:41','2021-09-05 08:42:41'),(95,'Élodie','Raynaud',0,'ageorges@wanadoo.fr','05 65 10 54 66',NULL,'200e45471ef9be53372657985c037e5ce948196fde4a7b3bcd031c1c','2021-09-05 08:42:41','2021-09-05 08:42:41'),(96,'Jacques','Benard',0,'hfontaine@gmail.com','04 31 28 34 27',NULL,'bc3f320b1e3e90c1d257b400bcc087137d69e937365b3f9183bad50b','2021-09-05 08:42:41','2021-09-05 08:42:41'),(97,'Nath','Hardy',0,'emmanuelguichard@gmail.com','+33 (0)5 30 98 32 67',NULL,'23d3739c05bef467d612bc21dc01b06bc10a080b9a46e1e5ef44edde','2021-09-05 08:42:41','2021-09-05 08:42:41'),(98,'Émile','Fournier',0,'adele69@noos.fr','0343614981',NULL,'1aeda3a82a7a2a37b8b69069c1260836ffe1a652c5df5d8ff9be0d68','2021-09-05 08:42:41','2021-09-05 08:42:41'),(99,'Andrée','Aubert',0,'remy92@yahoo.fr','+33 3 32 06 10 72',NULL,'24075430f5abfb1e19288b93c35f026a7607124b8338527962580189','2021-09-05 08:42:41','2021-09-05 08:42:41'),(100,'Josette','Laine',0,'fhebert@live.com','04 66 04 50 96',NULL,'8923c147fb629b1e515fbe097c6cc99117e8efa723516019caf5f641','2021-09-05 08:42:41','2021-09-05 08:42:41'),(101,'Paul','Raymond',0,'jlesage@laposte.net','+33 1 68 55 94 24',NULL,'8b1b00d553f293b570e3df0b031be080ab154ede90034b8f84644f34','2021-09-05 08:42:41','2021-09-05 08:42:41'),(102,'Gabriel','Navarro',0,'bboulay@orange.fr','+33 4 97 66 42 98',NULL,'c775203537e0cffd0e570fbdcbc11faa95ffd7fbb2154f54932880d0','2021-09-05 08:42:41','2021-09-05 08:42:41'),(103,'Honoré','Blin',0,'barthelemywilliam@voila.fr','+33 (0)8 08 47 10 09',NULL,'d61076d4aec0dcdeda59014aecb64e98eb016c6fe2805c3ddac0d0fb','2021-09-05 08:42:41','2021-09-05 08:42:41'),(104,'Constance','Descamps',0,'laure92@gmail.com','0244292129',NULL,'62ce1287bfa041dd27d7dbd004d5246774626ba242636996195040d8','2021-09-05 08:42:41','2021-09-05 08:42:41'),(105,'Inès','Cordier',0,'sauvagemaryse@gmail.com','0807507536',NULL,'c2e966c413c6510da5360be91c8983aa80033300b290fd1e320f8c5b','2021-09-05 08:42:41','2021-09-05 08:42:41'),(106,'Alexandrie','Tanguy',0,'laurencedubois@tiscali.fr','0550312543',NULL,'59b24f520eddeb0cc314dabbde5d444c187352256893767bbf2ca27c','2021-09-05 08:42:41','2021-09-05 08:42:41'),(107,'Nicolas','Toussaint',0,'alveslucas@orange.fr','06 72 74 10 57',NULL,'bee3a362343c62a6aa45f424706f2b09f69b6bafb914f5c1c06a9bcf','2021-09-05 08:42:41','2021-09-05 08:42:41'),(108,'Nath','Raymond',0,'andree13@dbmail.com','+33 3 78 34 61 28',NULL,'8c77f0b18b43d9bbb4280b6eddec7dcfc0bd078c35c6883ceb5cfd8f','2021-09-05 08:42:41','2021-09-05 08:42:41'),(109,'Gilles','Boulanger',0,'fdumont@tiscali.fr','02 32 21 18 85',NULL,'2c43fc12572c914c763a10a6e4266cdcbbeb5c7993e036e6eb28a904','2021-09-05 08:42:41','2021-09-05 08:42:41'),(110,'Margaux','Lopez',0,'paulineroyer@voila.fr','+33 (0)6 75 43 13 12',NULL,'61f0226124c66c74aa9f2ab65dcdc480362f28cb55b03f4bac3eb00e','2021-09-05 08:42:41','2021-09-05 08:42:41'),(111,'Thomas','Guillaume',0,'ribeirovalerie@hotmail.fr','03 20 25 52 84',NULL,'f8f115811b57bd25f41757423ab0bb82acb56a70fb68758f7dcd35c1','2021-09-05 08:42:41','2021-09-05 08:42:41'),(112,'Charles','Bourgeois',0,'marcelperret@wanadoo.fr','+33 2 84 82 73 78',NULL,'2bc9f4e32efb90031ce107500eb8be49a6d2ec36255f99feeea1787a','2021-09-05 08:42:41','2021-09-05 08:42:41'),(113,'Virginie','Dupuy',0,'meunierdorothee@hotmail.fr','+33 (0)8 05 46 16 38',NULL,'4b54f0aa0e6742f0aa1dc13aa075b6a7613ab6f8fb386f0e8efd6aef','2021-09-05 08:42:41','2021-09-05 08:42:41'),(114,'Amélie','Ollivier',0,'lombardhortense@gmail.com','0337240762',NULL,'bcac7239cf492b76cc1d443633b49e97cf51964f95cd4aa293ac395f','2021-09-05 08:42:41','2021-09-05 08:42:41'),(115,'Margot','Roy',0,'durandceline@dbmail.com','0409940601',NULL,'3b34ebba15c2aaf0a9e439ab6441291c4e3c03c2073c22b479497267','2021-09-05 08:42:41','2021-09-05 08:42:41'),(116,'Christophe','Ruiz',0,'paulette72@wanadoo.fr','+33 (0)2 12 97 19 30',NULL,'8d37a12cc1e78bf8749b7fbe03c218e1da971ec13e9f50e759944c3e','2021-09-05 08:42:41','2021-09-05 08:42:41'),(117,'Hélène','Lefevre',0,'josettecollet@sfr.fr','01 19 55 63 69',NULL,'1fea0aad4a2c574853d3684d69f0309dfd837a585ecc6513b18b3283','2021-09-05 08:42:41','2021-09-05 08:42:41'),(118,'Marc','Gillet',0,'celinabailly@noos.fr','02 51 82 76 95',NULL,'db01555c6fd9548f7d3f827889c72c5ae60aeee947cba4013d90eb85','2021-09-05 08:42:41','2021-09-05 08:42:41'),(119,'Audrey','Delahaye',0,'marcellelabbe@orange.fr','+33 1 05 11 14 09',NULL,'69f6e1527172103cf68c3b757d10038671c231b47117e94681ca109f','2021-09-05 08:42:41','2021-09-05 08:42:41'),(120,'Aurélie','Thomas',0,'etienne62@bouygtel.fr','0395103913',NULL,'2b52c2018f30f10d55f490b17db1e278c1d9b66b29e97e331cb9ff23','2021-09-05 08:42:41','2021-09-05 08:42:41'),(121,'Capucine','Mallet',0,'navarroclaudine@sfr.fr','0155128829',NULL,'85f32e71623ca5b715ac1201c6a078316ac4c8a37c9351def97aff34','2021-09-05 08:42:41','2021-09-05 08:42:41'),(122,'Marianne','Tessier',0,'roger08@ifrance.com','0629399269',NULL,'2a8afeaf810f1e5024514b2ec6da8e31cc0eb0eaaa5d4d84ec5a775e','2021-09-05 08:42:41','2021-09-05 08:42:41'),(123,'Nath','Lefevre',0,'rguibert@laposte.net','0570417180',NULL,'c295b6c4c4913206b0dbf183e94be13b9fd3cbd2a5bc69dfcbece208','2021-09-05 08:42:41','2021-09-05 08:42:41'),(124,'Laetitia','Gimenez',0,'georgesjulie@laposte.net','+33 (0)1 11 56 55 92',NULL,'1ca8d80d32e73d126e4f1e026f221a312beb6410e96e7f46967116a8','2021-09-05 08:42:41','2021-09-05 08:42:41'),(125,'Thibaut','Richard',0,'georgesgeorges@gmail.com','+33 6 79 21 96 49',NULL,'8c6dca1fda3e0a5cdb64d8f069918a64c006bd7e1fcd030fdb4dc4b4','2021-09-05 08:42:41','2021-09-05 08:42:41'),(126,'Maryse','Imbert',0,'marthepelletier@free.fr','+33 (0)1 82 23 75 93',NULL,'e3183564fdb545cf5555b31ff61a8062ffcf81a1c36a958dc9072583','2021-09-05 08:42:41','2021-09-05 08:42:41'),(127,'Stéphane','Pichon',0,'xfoucher@sfr.fr','+33 6 05 44 32 75',NULL,'bb621e3896ef7f89fd2c0f7e0628299e895b559b3421844e9687f210','2021-09-05 08:42:41','2021-09-05 08:42:41'),(128,'Simone','Chevalier',0,'philippe07@hotmail.fr','+33 (0)8 08 76 41 58',NULL,'960ecbd4e083c403815ba885c1f1386511e4e736d614a9195eed4cd9','2021-09-05 08:42:41','2021-09-05 08:42:41'),(129,'Eugène','Roussel',0,'webernicole@wanadoo.fr','+33 (0)1 44 11 31 08',NULL,'9bbae3cfa8bd8dff463d3049ba106e2a0e1cb1b021290015dbb057cb','2021-09-05 08:42:41','2021-09-05 08:42:41'),(130,'Chantal','Roussel',0,'patriciarenard@sfr.fr','06 27 42 99 62',NULL,'a3c515ed76afbf991ec065f323aee8e122e8158a46ef2177c0a585bf','2021-09-05 08:42:41','2021-09-05 08:42:41'),(131,'Sébastien','Auger',0,'ochauveau@bouygtel.fr','0113247542',NULL,'0e1f7ba4d3a2f684ad94430a242e192475c0a425903c8a04c8c68058','2021-09-05 08:42:41','2021-09-05 08:42:41'),(132,'Honoré','Techer',0,'kbaron@laposte.net','+33 (0)6 15 99 28 29',NULL,'a49b939c87c0ba48374acea5b596e23cf8d54e6dae5152e86e1b0a8a','2021-09-05 08:42:41','2021-09-05 08:42:41'),(133,'Daniel','Maillot',0,'adele35@tiscali.fr','01 87 04 04 37',NULL,'328eba4df50e8f0ad3eed24e46f81cd908c883ab3d57d9b0d041eebb','2021-09-05 08:42:41','2021-09-05 08:42:41'),(134,'Édouard','Bonneau',0,'williammarechal@wanadoo.fr','0431059050',NULL,'65911136dc73e61da9a7d83d101b8909b464065ad271fa46ce4ad4ca','2021-09-05 08:42:41','2021-09-05 08:42:41'),(135,'Diane','Gosselin',0,'barbecharles@noos.fr','01 15 95 57 38',NULL,'5a431e40a80b5272c032b051f54bc0b80df7c0ba5df9639702dd667b','2021-09-05 08:42:41','2021-09-05 08:42:41'),(136,'Thérèse','Gillet',0,'sylviefontaine@live.com','0286574317',NULL,'7097d328b5f1ed3099a77339a186ee16285b67a3be255a924ccb3f91','2021-09-05 08:42:41','2021-09-05 08:42:41'),(137,'Étienne','Lefort',0,'francoise44@wanadoo.fr','+33 2 94 76 40 76',NULL,'542a98db25a37fd072ec52a5ef69ae63240274450ed7b9b9fbbb69ae','2021-09-05 08:42:41','2021-09-05 08:42:41'),(138,'Roland','Bernier',0,'qdelmas@club-internet.fr','+33 (0)2 80 89 70 99',NULL,'b3ba4dcb25d60c2b156d80e9e2032513463a8919a6db250be1054794','2021-09-05 08:42:41','2021-09-05 08:42:41'),(139,'Aurélie','Guilbert',0,'ledouxclaire@tiscali.fr','0198017089',NULL,'805c225b0a5d1972fbb7832753f455e5cef33f47bc1a9d997f3e27ea','2021-09-05 08:42:41','2021-09-05 08:42:41'),(140,'Mathilde','Barthelemy',0,'ldupuy@orange.fr','+33 (0)5 77 58 29 38',NULL,'7f10f76fbe018030ec5e54f510f1c80105ee06315833e7f46e38abc9','2021-09-05 08:42:41','2021-09-05 08:42:41'),(141,'Georges','Fleury',0,'marc75@ifrance.com','+33 4 77 80 54 19',NULL,'4f24ed9daf614193ecef2fe707ad9c52b7eee7430bb6b3181d50a0de','2021-09-05 08:42:41','2021-09-05 08:42:41'),(142,'Colette','Lejeune',0,'leleucapucine@ifrance.com','+33 3 77 33 33 83',NULL,'2f64d8df34e621c1ebf83c29ac582c832acef915b645f26ac9def6e9','2021-09-05 08:42:41','2021-09-05 08:42:41'),(143,'Agathe','Camus',0,'sjacques@hotmail.fr','02 21 73 00 32',NULL,'051af832821f7913e4dd63c24a40ac25d2ad2f917cd115e83249e67d','2021-09-05 08:42:41','2021-09-05 08:42:41'),(144,'Adrien','Ledoux',0,'williamcharles@noos.fr','05 72 98 03 25',NULL,'7c742439cdd48de4b414afde1a5aca08c67bf6d7e2a26b53c11aa246','2021-09-05 08:42:41','2021-09-05 08:42:41'),(145,'André','Jacques',0,'pierre19@tiscali.fr','+33 2 28 34 32 15',NULL,'cb5fe79eeaa4fed94e61a76f76bdd39c65ed4ac33f6cc931ff8bb6e0','2021-09-05 08:42:41','2021-09-05 08:42:41'),(146,'Nicole','Ruiz',0,'louise56@dbmail.com','+33 3 30 52 43 30',NULL,'0b33f4699832853ac6487a1c00095f3ff4b501f37c3007be8696e17b','2021-09-05 08:42:41','2021-09-05 08:42:41'),(147,'Maryse','Leduc',0,'qblin@laposte.net','01 96 36 09 86',NULL,'79d3082ad2b3d441a608cfd40328f270f472e02910bae2c4a951ac7c','2021-09-05 08:42:41','2021-09-05 08:42:41'),(148,'Clémence','Hardy',0,'vcarlier@tele2.fr','+33 (0)1 56 55 27 68',NULL,'e7fbc3d2a346c059691bf9c8d37756874d52f1f4f0540e74ae0f95de','2021-09-05 08:42:41','2021-09-05 08:42:41'),(149,'Julie','Gonzalez',0,'jfontaine@hotmail.fr','+33 4 06 52 51 82',NULL,'f32f6bf0fe456dd4fb7d341bc1dad518f22938d72729b8c01d26927f','2021-09-05 08:42:41','2021-09-05 08:42:41'),(150,'Alexandria','Alves',0,'nberger@laposte.net','+33 (0)1 76 26 37 10',NULL,'fa5134d59cd01c0dd732bdcc46aacd649cba082031503236e10b9745','2021-09-05 08:42:41','2021-09-05 08:42:41'),(151,'Colette','Boulanger',0,'fouquetguillaume@tele2.fr','08 07 19 58 44',NULL,'25b3f2be4c83f01c816ced5b8cb8d5b652470e5090ea13b95ad78c26','2021-09-05 08:42:41','2021-09-05 08:42:41'),(152,'Lorraine','Thierry',0,'unicolas@voila.fr','06 44 73 81 44',NULL,'2298dff4aaca6ab2b16e1359d4b81c98350220f20e4ace4775a90538','2021-09-05 08:42:41','2021-09-05 08:42:41'),(153,'Daniel','Lopez',0,'charlesroussel@yahoo.fr','0631488572',NULL,'55591b40a1b29327bb9a46e5e473875088487552069c27b4c46ab8aa','2021-09-05 08:42:41','2021-09-05 08:42:41'),(154,'Élise','Carre',0,'lambertjerome@ifrance.com','+33 1 97 81 04 24',NULL,'3c60805ae8a19b6087b5da952217c0e4454583556141b52e94d7270c','2021-09-05 08:42:41','2021-09-05 08:42:41'),(155,'Virginie','Ollivier',0,'fernandesjulie@club-internet.fr','+33 8 05 01 52 40',NULL,'8584d492a8dbe8387906a901b71605176b92dc17e103fe48dcfba41c','2021-09-05 08:42:41','2021-09-05 08:42:41'),(156,'Daniel','Durand',0,'jules23@bouygtel.fr','08 01 50 41 17',NULL,'0fa272690dfda442d2d70dc35c1355f3d9dfde96c1c59154cc8b25d4','2021-09-05 08:42:41','2021-09-05 08:42:41'),(157,'Jacqueline','Clement',0,'icollet@live.com','+33 (0)2 81 41 71 66',NULL,'7bad88d8d784f131182d3908d6b74457a903fe7aaec28578f567b7b6','2021-09-05 08:42:41','2021-09-05 08:42:41'),(158,'Théophile','Rocher',0,'potierfrancois@sfr.fr','+33 (0)4 09 55 09 75',NULL,'d1ecf20a3b2ece698ec5fbb6874be64148eafc16c5615dc92ea4a8a8','2021-09-05 08:42:41','2021-09-05 08:42:41'),(159,'Raymond','Aubry',0,'amace@orange.fr','01 13 82 36 64',NULL,'988c9f6d2ff09882a1777516dc20c2147647d4d1d3983427a86bdb23','2021-09-05 08:42:41','2021-09-05 08:42:41'),(160,'Adèle','Langlois',0,'manonroger@ifrance.com','0800586392',NULL,'71c9982839fa0f5ac96d561f46bb4119bb15f6ae17f0b969dd0843a7','2021-09-05 08:42:41','2021-09-05 08:42:41'),(161,'Bernadette','Lambert',0,'oribeiro@yahoo.fr','01 31 78 47 50',NULL,'d44153b9cab5e77ca88bcc5877996c685ec9bd653e0ca790d80c5459','2021-09-05 08:42:41','2021-09-05 08:42:41'),(162,'Nathalie','Jacques',0,'elaine@bouygtel.fr','+33 (0)8 08 21 29 12',NULL,'e47b676c5350b65f4d1f93e942c8e9a0801e581b878eade0e6d101f4','2021-09-05 08:42:41','2021-09-05 08:42:41'),(163,'Capucine','Dos Santos',0,'michelle05@hotmail.fr','0198982312',NULL,'d70593f789a017172a6624c931aec01c0f16e83a347703fd7589fead','2021-09-05 08:42:41','2021-09-05 08:42:41'),(164,'Françoise','Cordier',0,'andreetecher@wanadoo.fr','08 04 57 67 22',NULL,'2f3ab8e152a1383bf0a9f0489cba64464b2c7796fffb8857fd4b49d0','2021-09-05 08:42:41','2021-09-05 08:42:41'),(165,'Capucine','Garnier',0,'vincentleroy@orange.fr','0121885924',NULL,'b76ed97afec10e01eb31b98d1165a5317eaeae8e2446f67cfdf5383f','2021-09-05 08:42:41','2021-09-05 08:42:41'),(166,'Nathalie','Begue',0,'eugeneberthelot@sfr.fr','+33 (0)2 21 93 21 10',NULL,'92071cde5f73cbf29000dc0dbf56aaa63137ca5900464ec1d5a94de4','2021-09-05 08:42:41','2021-09-05 08:42:41'),(167,'Marine','Marin',0,'georges02@live.com','+33 2 77 77 23 30',NULL,'302107be2fc33bfcf05ec34b53113e2ceb6060faee7ed9e6db2e8fad','2021-09-05 08:42:41','2021-09-05 08:42:41'),(168,'Franck','Imbert',0,'vcarlier@ifrance.com','0127614908',NULL,'6adddb2c71d7d542837af39075c4a0a1294eb69a02f16ae34b1d75bf','2021-09-05 08:42:41','2021-09-05 08:42:41'),(169,'Marcelle','Olivier',0,'ghoarau@sfr.fr','+33 (0)3 41 10 84 07',NULL,'067328c1999896ef2c3564b1570859c2a930492b8da149962753441b','2021-09-05 08:42:41','2021-09-05 08:42:41'),(170,'Adrienne','Barre',0,'renee01@noos.fr','0404313931',NULL,'f7c17b8ec52c03ea3c7882efac440b6132b10b43ed7ef92f220e3c0b','2021-09-05 08:42:41','2021-09-05 08:42:41'),(171,'Véronique','Bertrand',0,'veroniquede-oliveira@laposte.net','0111269778',NULL,'01da7e0b18a7baefddb7fc31f45875d421447ffe62683704d8329569','2021-09-05 08:42:41','2021-09-05 08:42:41'),(172,'Édith','Leconte',0,'blanchetnath@yahoo.fr','+33 (0)1 52 77 80 65',NULL,'0506efadb86397d712a996a9ec2515564dab4709b441535884d4ed5c','2021-09-05 08:42:41','2021-09-05 08:42:41'),(173,'Denise','Leclerc',0,'julie81@wanadoo.fr','05 69 52 13 56',NULL,'d86dbd55b8fee6895bbe2dd67da438ed6f9a4bd2f113c571dfc05685','2021-09-05 08:42:41','2021-09-05 08:42:41'),(174,'Benoît','Roche',0,'cgaillard@yahoo.fr','+33 (0)5 09 08 43 16',NULL,'97539589fe5afad2a1cc90b858a41c07e7a53ce060f73c3569008b7f','2021-09-05 08:42:41','2021-09-05 08:42:41'),(175,'Margot','Charpentier',0,'guillotelise@club-internet.fr','0802435047',NULL,'7270736c343a6bf264051f30790054ea1e482b6cc8a58ad80f0089b7','2021-09-05 08:42:41','2021-09-05 08:42:41'),(176,'Agathe','Pages',0,'maryse41@orange.fr','+33 (0)4 75 28 83 59',NULL,'1e12b9f8a458b6ba5eaf744d612e364adc15b532c31723cb236d302b','2021-09-05 08:42:41','2021-09-05 08:42:41'),(177,'Édith','David',0,'tristanlaurent@wanadoo.fr','0160263070',NULL,'abe675c849091c72519c1af81f4c801f61d0471d0fe0dc29e38da65c','2021-09-05 08:42:41','2021-09-05 08:42:41'),(178,'Jean','Blondel',0,'charlestherese@sfr.fr','04 38 05 88 95',NULL,'4d665477b3fe8a838074660024fe0e3751594480d023ed26515af593','2021-09-05 08:42:41','2021-09-05 08:42:41'),(179,'Henriette','Guerin',0,'agathegauthier@tele2.fr','+33 (0)1 07 88 10 68',NULL,'7585352ba47bb483a8ec14492ec82e866a17bdb80fd10ccaa8041ff9','2021-09-05 08:42:41','2021-09-05 08:42:41'),(180,'Thibault','Allard',0,'henriettemarin@orange.fr','0807417537',NULL,'d6e8dd9a9b7478b94696529916228f70050b0dbb78b4c29f64651eb8','2021-09-05 08:42:41','2021-09-05 08:42:41'),(181,'Roger','Marchal',0,'pbreton@hotmail.fr','+33 4 84 73 24 22',NULL,'fcbdacda2865e5c6625ca3abca8c1c90186e52e1340926ba48be843a','2021-09-05 08:42:41','2021-09-05 08:42:41'),(182,'Margaux','Louis',0,'sfernandes@live.com','0377996750',NULL,'12640354f5629d75f3bc604c16cfa4f9fa6592ec39d7ceb2f4ffc2fc','2021-09-05 08:42:41','2021-09-05 08:42:41'),(183,'Corinne','Thomas',0,'pfoucher@sfr.fr','+33 5 92 50 16 16',NULL,'539f64c30a966516213cf1e60300da7194775d0c437ff31830d49f6c','2021-09-05 08:42:41','2021-09-05 08:42:41'),(184,'Dorothée','Aubry',0,'gchevallier@ifrance.com','0489962426',NULL,'6da86ef0ad10b2573b45a4bce88a31cd814ccb2f261fbfc22e4e8e08','2021-09-05 08:42:41','2021-09-05 08:42:41'),(185,'Maryse','Perret',0,'renee54@dbmail.com','+33 6 36 95 78 98',NULL,'458d7ed81d25e22b23e15bfa1dd2a28517500fb92aa84f1fcd039bb9','2021-09-05 08:42:41','2021-09-05 08:42:41'),(186,'Élisabeth','Olivier',0,'hjacquot@club-internet.fr','+33 2 69 84 83 64',NULL,'f098aa371d0bfaf46366c16d48b9126b0920bbe4417fbb6cd83884d9','2021-09-05 08:42:41','2021-09-05 08:42:41'),(187,'Marine','Renaud',0,'qblot@club-internet.fr','+33 2 28 92 74 75',NULL,'edc0ea390cf0e8046c2a3b88be71b63f2387c9dbc5f59a213dedd822','2021-09-05 08:42:41','2021-09-05 08:42:41'),(188,'David','Hernandez',0,'marc66@gmail.com','01 65 79 35 80',NULL,'1f9514fa4a95e73ddff4e504bc1502002b7c84a7f0cbfb6e6ab10ead','2021-09-05 08:42:41','2021-09-05 08:42:41'),(189,'Sylvie','Traore',0,'jacquesedouard@gmail.com','05 93 82 48 77',NULL,'26639572f0ca28c8e11deeef1f4f734bd7656889c63700ef0b91b205','2021-09-05 08:42:41','2021-09-05 08:42:41'),(190,'Roger','Valette',0,'upages@hotmail.fr','+33 (0)4 49 74 47 67',NULL,'38eb81f92285312e8fb5bd8510de95d2dcddf2b05cd212a6e7362799','2021-09-05 08:42:41','2021-09-05 08:42:41'),(191,'Sylvie','Teixeira',0,'thomaspons@voila.fr','01 19 48 49 48',NULL,'1d01a23ce0fca0600568374ae1f10ef3f9bcae5fbb41c433dfb67c7d','2021-09-05 08:42:41','2021-09-05 08:42:41'),(192,'Claudine','Mahe',0,'lorrainechevalier@free.fr','+33 4 24 51 77 45',NULL,'460d73af8e467e3f59bfee685f42aab96055d04c7fcf2e9e15b50f6b','2021-09-05 08:42:41','2021-09-05 08:42:41'),(193,'Jules','Joly',0,'dmarchal@yahoo.fr','0696299993',NULL,'aa0c70ed380027c0237624ec3957e920c352e7be1fe50afba77e1437','2021-09-05 08:42:41','2021-09-05 08:42:41'),(194,'Marine','Gosselin',0,'zgonzalez@orange.fr','+33 5 41 38 94 32',NULL,'77981e9ca1da8c18b19c5fe7ce214469ad9f79c113e1772af5c413e7','2021-09-05 08:42:41','2021-09-05 08:42:41'),(195,'Virginie','Bouchet',0,'barthelemyagathe@wanadoo.fr','+33 (0)8 01 47 50 86',NULL,'6ef413f081189e3f5e5cf57a3dfda7724cd985f38fdbe7034d402818','2021-09-05 08:42:41','2021-09-05 08:42:41'),(196,'William','Valentin',0,'hugues99@yahoo.fr','05 17 64 94 54',NULL,'d1d0e6570e3c0cdbd56c3c610f655e20b5a7ffd7fea6a00201296685','2021-09-05 08:42:41','2021-09-05 08:42:41'),(197,'Anastasie','Delaunay',0,'nathaliebruneau@tiscali.fr','01 72 10 65 85',NULL,'ff865a3ce7dd5991371983ee9c981a9ed6c285f3267240b7d56ad886','2021-09-05 08:42:41','2021-09-05 08:42:41'),(198,'Astrid','Rossi',0,'adamvictor@orange.fr','+33 6 23 14 18 05',NULL,'0bc476614bccd456e82dcedfc3183669e0280bcbb939e8f4ce5ede1d','2021-09-05 08:42:41','2021-09-05 08:42:41'),(199,'Alix','Renard',0,'jantoine@ifrance.com','02 84 03 83 44',NULL,'aca7132d1276500625edaadd56e9bc087d9b29ae7cd6ecb42a60f746','2021-09-05 08:42:41','2021-09-05 08:42:41'),(200,'Nathalie','Guerin',0,'gdijoux@dbmail.com','+33 (0)1 37 27 16 08',NULL,'c4c5dc9941b19ea8d076047d3ea7153e0008a4e29a4927a6b5d075b8','2021-09-05 08:42:41','2021-09-05 08:42:41'),(201,'Zoé','Leclercq',0,'thibault65@ifrance.com','02 69 88 27 71',NULL,'c4941fec7a40ccc30ff776f75c964c7b8bdfde05f470f1c0a6ea8703','2021-09-05 08:42:41','2021-09-05 08:42:41'),(202,'Corinne','Lecoq',0,'teixeiraedith@dbmail.com','01 44 99 92 89',NULL,'4b128e3bf5a1bb99abbdc386d9960e17bdbf5e407d1267368a51d623','2021-09-05 08:42:41','2021-09-05 08:42:41'),(203,'Hugues','Foucher',0,'cecile67@noos.fr','+33 (0)1 21 18 03 41',NULL,'c8416c93502ab8ba21a415d36cfee78be9ec6553a1e942ed0e44285a','2021-09-05 08:42:41','2021-09-05 08:42:41'),(204,'Capucine','Fouquet',0,'louise35@tele2.fr','0344665372',NULL,'317545b146aeb7fda9f3a4af5a0b6855aafb965b2d46e24c76f10e1d','2021-09-05 08:42:41','2021-09-05 08:42:41'),(205,'Marie','Lecoq',0,'phamon@dbmail.com','+33 5 59 53 01 45',NULL,'e7a6eb9368c19c052360e5b6a4f2ad81b8ae0a2b5263c2c29818792c','2021-09-05 08:42:41','2021-09-05 08:42:41'),(206,'Monique','Monnier',0,'patrick90@noos.fr','0419210979',NULL,'15b71a2977cb00f9ead84459c9d5c07ed6ec88c88c7ca65f11fdafa6','2021-09-05 08:42:41','2021-09-05 08:42:41'),(207,'Xavier','Julien',0,'christelle82@live.com','01 30 34 59 30',NULL,'5c31cec8171cfc591882db81798ce7bda0801b7789ac0b135bff5f6a','2021-09-05 08:42:41','2021-09-05 08:42:41'),(208,'Denis','Bertin',0,'gchauvet@tele2.fr','+33 (0)4 97 27 52 73',NULL,'9b728d29451b88158cf41827a6248b55602aa2f4d72d2a4b68cc4ed1','2021-09-05 08:42:41','2021-09-05 08:42:41'),(209,'Margaux','Legendre',0,'nathalie21@tele2.fr','+33 6 09 42 02 09',NULL,'e7328975914b97c8ec7e7f617d9f0836919676e54e340555eec15971','2021-09-05 08:42:41','2021-09-05 08:42:41'),(210,'Sophie','Ruiz',0,'de-sousasimone@voila.fr','0109142570',NULL,'843349d1c593759ed047e1e32c5bff0732d1616d18f6040191db5252','2021-09-05 08:42:41','2021-09-05 08:42:41'),(211,'Pénélope','Roussel',0,'loiseaupauline@tele2.fr','+33 (0)3 62 76 77 48',NULL,'fb90442052c0debca9fa77e1288730a2a1c6a83952fdeb1bc3747452','2021-09-05 08:42:41','2021-09-05 08:42:41'),(212,'Manon','Blin',0,'aubertclaude@laposte.net','+33 3 71 87 30 88',NULL,'5794256b5c5711ee700b6d12155de48367ca4ca5974030d8c58694ef','2021-09-05 08:42:41','2021-09-05 08:42:41'),(213,'Alexandrie','Perrier',0,'andre36@yahoo.fr','+33 1 70 92 52 90',NULL,'ab8a6917cc7e5db68b5a63891520cd5a23cb34cd4f26a3c52e122224','2021-09-05 08:42:41','2021-09-05 08:42:41'),(214,'Brigitte','Lemaitre',0,'lorraine62@live.com','06 87 24 92 01',NULL,'6ba779a46758c17d9d877adaddc34e0e54a6259633f9bf4e5d10f449','2021-09-05 08:42:41','2021-09-05 08:42:41'),(215,'Emmanuelle','Roussel',0,'wetienne@club-internet.fr','+33 (0)5 99 77 68 41',NULL,'6b1c211bfffd37c21089ebd8bdfcd14a9e3beca9c9fa05e27d028c41','2021-09-05 08:42:41','2021-09-05 08:42:41'),(216,'Françoise','Charpentier',0,'fdeschamps@voila.fr','+33 1 79 88 76 17',NULL,'8a4d6425ddcf2d06202391d0edbfda6f95ba95c6aa5537e671a20d2e','2021-09-05 08:42:41','2021-09-05 08:42:41'),(217,'Hortense','Lenoir',0,'christelle12@free.fr','0407441517',NULL,'9ce28411eb6e1b54492d27ae9e321d2c2047c3912498e7127f4a8070','2021-09-05 08:42:41','2021-09-05 08:42:41'),(218,'Françoise','Langlois',0,'wcharpentier@voila.fr','05 37 77 93 83',NULL,'1baf2bbf2aff77348e30d150eb3b2af89ace278e7a19111803737ec1','2021-09-05 08:42:41','2021-09-05 08:42:41'),(219,'Jean','Benard',0,'pereiraalexandrie@gmail.com','+33 (0)2 63 83 83 87',NULL,'676a219eeef3469433f24b590ce9409cd76ca90c9ea441528461aa32','2021-09-05 08:42:41','2021-09-05 08:42:41'),(220,'Louis','Lelievre',0,'celina84@tiscali.fr','0666240749',NULL,'26877bfb52cf7a189b6777c97fb6bd9bb58e845ee11647550cfa8451','2021-09-05 08:42:41','2021-09-05 08:42:41'),(221,'Margot','Launay',0,'martelfrancois@tele2.fr','+33 (0)4 09 06 63 09',NULL,'ce55198887624a318f817a954e88501ce892b55baba7724f7f8af823','2021-09-05 08:42:41','2021-09-05 08:42:41'),(222,'Stéphanie','Riviere',0,'dparent@free.fr','+33 1 99 01 08 73',NULL,'fb3ae455d9e41126f5271531ae17661b7ee5f7815bb22ec9f2974d98','2021-09-05 08:42:41','2021-09-05 08:42:41'),(223,'Gabrielle','Lopes',0,'guilbertcolette@live.com','04 63 24 64 71',NULL,'fff4a73c2af906b52a360d0f9e8dfb79b0901c63287976d9357ac198','2021-09-05 08:42:41','2021-09-05 08:42:41'),(224,'Renée','Dupuy',0,'xmillet@yahoo.fr','+33 (0)1 87 88 35 68',NULL,'473ff13370a33b62e4df2bf6b088495e9237c43c29425f98a5c80b99','2021-09-05 08:42:41','2021-09-05 08:42:41'),(225,'Émilie','Sauvage',0,'gilbert81@tiscali.fr','+33 8 06 31 94 05',NULL,'7fad74d10ccd1902ccf8c2cd642d99b4d555de1ab0f4989302d8cf1d','2021-09-05 08:42:41','2021-09-05 08:42:41'),(226,'Philippine','Guyon',0,'tpruvost@hotmail.fr','06 31 12 16 57',NULL,'14b120284ce52d0f5ac282756e2cfe260d05017369810deaeec8bf25','2021-09-05 08:42:41','2021-09-05 08:42:41'),(227,'Isabelle','Fontaine',0,'alexandria90@voila.fr','0808896056',NULL,'724a0253e081c708c3ae01c0c309cfb113557d8435053f0019ea4651','2021-09-05 08:42:41','2021-09-05 08:42:41'),(228,'Dorothée','Laine',0,'guerinlaurent@wanadoo.fr','01 60 04 59 33',NULL,'45e17b357b7b295cc3f9d0deb1eb9ec7dfecc78c7a2ec926d7dfd663','2021-09-05 08:42:41','2021-09-05 08:42:41'),(229,'Théodore','Gros',0,'eugenemichaud@sfr.fr','02 87 60 73 77',NULL,'208cb6ea72cdc57906c79d40790feed0551f400a7d1a19b6b2bece6b','2021-09-05 08:42:41','2021-09-05 08:42:41'),(230,'Anne','Leroy',0,'uferrand@club-internet.fr','+33 (0)5 87 70 51 51',NULL,'aa832629ee4a823cea1161db1b674660ecc852e8e2f2e22991474c6f','2021-09-05 08:42:41','2021-09-05 08:42:41'),(231,'Caroline','Boyer',0,'celineschneider@tele2.fr','+33 5 08 57 94 50',NULL,'3fd7a5ada0d1ae423460767ed65f7eb9892dcbaf6b2545c430d5a33e','2021-09-05 08:42:41','2021-09-05 08:42:41'),(232,'Joséphine','Perrot',0,'alexandria00@gmail.com','+33 6 83 57 01 83',NULL,'123fb760a22c91ca1cce9edd1acfb5b8e4e8c047f7a4116c2fce7ec5','2021-09-05 08:42:41','2021-09-05 08:42:41'),(233,'Lorraine','Lagarde',0,'leon14@hotmail.fr','0371611883',NULL,'e1c81546fa2859697043aa9ad230cf268db6345cadb6bc3eaa2cc17e','2021-09-05 08:42:41','2021-09-05 08:42:41'),(234,'Philippine','Becker',0,'bmaury@hotmail.fr','+33 (0)5 17 11 17 92',NULL,'b86c0222fc829743bb1ac92f5b7a0889bce9f6e21426e6454928fb9a','2021-09-05 08:42:41','2021-09-05 08:42:41'),(235,'Françoise','Verdier',0,'camillebarre@ifrance.com','0445819547',NULL,'484d6fc6168f82852b2e3a7e2696845cd00b10ec686662bb72cf4318','2021-09-05 08:42:41','2021-09-05 08:42:41'),(236,'Corinne','Rossi',0,'simonebarbier@gmail.com','01 00 88 27 98',NULL,'bdbdac7169f2df33f086daf0464b08204252986e735fc02fb0c3d334','2021-09-05 08:42:41','2021-09-05 08:42:41'),(237,'Élisabeth','Pascal',0,'hdeschamps@ifrance.com','+33 (0)2 08 22 47 74',NULL,'6093f199b0f64e11df8d1151b409ccabe91b73385bc867aa4f92ff0f','2021-09-05 08:42:41','2021-09-05 08:42:41'),(238,'Josette','Rodrigues',0,'susanraynaud@dbmail.com','+33 3 25 42 59 28',NULL,'ece55927862abf9cae7071ef3db89b6a62c70d67d04da7609889f6d9','2021-09-05 08:42:41','2021-09-05 08:42:41'),(239,'Éric','Raymond',0,'luce84@noos.fr','05 98 33 59 32',NULL,'749fd4b6b37a60796fba62d033b5048799a56d5db221720c9c9e2134','2021-09-05 08:42:41','2021-09-05 08:42:41'),(240,'Camille','Roy',0,'adele26@tiscali.fr','08 02 78 96 67',NULL,'5446988ac9ead48f1bd55d30bf1733a262eda2ef71f4273edb3fb526','2021-09-05 08:42:41','2021-09-05 08:42:41'),(241,'Susanne','Voisin',0,'llopez@hotmail.fr','+33 5 37 55 16 87',NULL,'a2b48c0ea547ccdefb71ce18fedc56740216f2fd49eeee824d40c3f8','2021-09-05 08:42:41','2021-09-05 08:42:41'),(242,'Margaux','Begue',0,'susanneseguin@laposte.net','+33 (0)1 10 27 12 86',NULL,'7c06144c19886a45cef08c779c1f5793a65c7641c02a2c2134e01ab2','2021-09-05 08:42:41','2021-09-05 08:42:41'),(243,'Océane','Begue',0,'pierre06@noos.fr','+33 (0)4 06 27 64 49',NULL,'2c53d8a47bb111506bbd56a163c5311bbba6465a31d9f084ec9c2d05','2021-09-05 08:42:41','2021-09-05 08:42:41'),(244,'Anaïs','Lefevre',0,'hardytherese@gmail.com','0348682928',NULL,'2eff5052bb99794e467a5ae04d0c0e292f3150eb5cacecb50b1ed462','2021-09-05 08:42:41','2021-09-05 08:42:41'),(245,'Anouk','Leroy',0,'marguerite62@sfr.fr','0233134193',NULL,'915419e08b6cde57ebb642579916f7bbe6a81231d0ca2b1d9bd84206','2021-09-05 08:42:41','2021-09-05 08:42:41'),(246,'Xavier','Pinto',0,'kcouturier@orange.fr','04 45 30 58 09',NULL,'145e968f4cc13c7e6eedc8c5e3ee754fd6d5a00a967d5115263db3c3','2021-09-05 08:42:41','2021-09-05 08:42:41'),(247,'Frédérique','Lopez',0,'gnicolas@dbmail.com','0106118643',NULL,'bf518e41b061abcbc10fd036e5cd6562b5b9bd0c92d794cbae7f3571','2021-09-05 08:42:41','2021-09-05 08:42:41'),(248,'Astrid','Foucher',0,'dijouxchristiane@dbmail.com','05 20 63 58 14',NULL,'c7f9d638de65a54f7714ddba32dfb5c6340e132d3e37887ab3cdb0ea','2021-09-05 08:42:41','2021-09-05 08:42:41'),(249,'Frédéric','Pineau',0,'picardalex@tele2.fr','04 69 46 16 09',NULL,'0a7897b6323c1afb55186fc561238233de429de8ec69239e253d794b','2021-09-05 08:42:41','2021-09-05 08:42:41'),(250,'Aurore','Delannoy',0,'bourdonolivier@dbmail.com','01 01 34 34 67',NULL,'8ba24c0273e0c4da2d29c22eadbf4f36f1fdb0c939046bc020f39bbe','2021-09-05 08:42:41','2021-09-05 08:42:41'),(251,'Bertrand','Rousset',0,'rmallet@live.com','03 47 51 79 60',NULL,'f2a6fed5fa391ca88714d4cbcc90099130d9d44bac067863d08f23f3','2021-09-05 08:42:41','2021-09-05 08:42:41'),(252,'Jeannine','Blot',0,'denise48@sfr.fr','+33 (0)3 07 64 42 87',NULL,'99a96f34993fa2eea425723e48efc78c9564119f0b138ccc376a01f2','2021-09-05 08:42:41','2021-09-05 08:42:41'),(253,'Sabine','Perrot',0,'william12@hotmail.fr','+33 3 33 55 53 42',NULL,'217a1c84fb8bf0dd2b68d35d2c3ed784952864f5a1959598d0d8e0a9','2021-09-05 08:42:41','2021-09-05 08:42:41'),(254,'Stéphane','Le Goff',0,'wbazin@dbmail.com','08 07 44 86 58',NULL,'35570a8e3e461b73fc937d106b62e03a0bd91c99bfa6c2c48c6efe69','2021-09-05 08:42:41','2021-09-05 08:42:41'),(255,'Victoire','Neveu',0,'simonlucy@wanadoo.fr','02 48 01 78 56',NULL,'16d111aeee247d13f82ced617a54fa23f3721c5f1cd9fb20ce63c99c','2021-09-05 08:42:41','2021-09-05 08:42:41'),(256,'Aimé','Chauvet',0,'marcellemoreau@orange.fr','+33 (0)1 17 02 76 26',NULL,'cdf14ed9f7232cbc5f66714f8f5661df67754aed148a6d4abd164637','2021-09-05 08:42:41','2021-09-05 08:42:41'),(257,'Sébastien','Pereira',0,'roythibaut@orange.fr','0589769674',NULL,'9d52a169a3f576b7eafed9dce826c0ab4f8c54b0ea133bb69c4d7d33','2021-09-05 08:42:41','2021-09-05 08:42:41'),(258,'Auguste','Bernier',0,'agnesrodrigues@hotmail.fr','+33 (0)3 50 42 56 02',NULL,'e77acf401430b911b2f160d5b080cf69e97bfbe7b243ff3ad1475872','2021-09-05 08:42:41','2021-09-05 08:42:41'),(259,'Georges','Raymond',0,'alvescorinne@wanadoo.fr','+33 1 99 40 09 39',NULL,'6ee0e9ee771eeb9e1715ea87b6d5172dd8fe56ac53cf2e2a57004d28','2021-09-05 08:42:41','2021-09-05 08:42:41'),(260,'Denis','Ramos',0,'laure73@wanadoo.fr','04 90 93 55 77',NULL,'10bdb988034600792db6eb2f9fdc088462640ae97536dcf5aa0ffeaa','2021-09-05 08:42:41','2021-09-05 08:42:41'),(261,'Antoinette','Leroux',0,'georgesthibault@orange.fr','+33 8 00 13 18 11',NULL,'2845d64131b604b920a2475d03911f32076d021afd3bf2004b6a12c6','2021-09-05 08:42:41','2021-09-05 08:42:41'),(262,'Emmanuel','Jean',0,'jneveu@voila.fr','05 73 77 35 95',NULL,'de92c7ef393a629d6bdb83c458384c4eecf82d49096c953164962d0b','2021-09-05 08:42:41','2021-09-05 08:42:41'),(263,'Alain','Le Roux',0,'gcarlier@dbmail.com','+33 3 42 74 36 85',NULL,'4fb81291bb5d872c45e03e191fa35f94189c169f2f0dc12145af73ce','2021-09-05 08:42:41','2021-09-05 08:42:41'),(264,'Henriette','Guillon',0,'aimeeguilbert@ifrance.com','+33 8 07 17 72 76',NULL,'2a2ebfaa8c82ff4ff91fff7d851d217be5d7cf7c827e3fe4b31d7e97','2021-09-05 08:42:41','2021-09-05 08:42:41'),(265,'Clémence','Pruvost',0,'ibonneau@wanadoo.fr','+33 (0)2 91 06 73 53',NULL,'c5d925356a0bb664e74c90e01c4c36a4c6eb1ed0a44a2013c073484d','2021-09-05 08:42:41','2021-09-05 08:42:41'),(266,'Philippe','Schmitt',0,'legrandclaude@sfr.fr','03 18 90 40 91',NULL,'0d3edde40f3fa335751545fc16c65770d77248a0f0ed793ef26d9e72','2021-09-05 08:42:41','2021-09-05 08:42:41'),(267,'Catherine','Vallet',0,'therese11@yahoo.fr','+33 5 10 33 73 94',NULL,'26a25f3398fb36750db1167429ce6bc305a5c908e219e1c8ebbbe671','2021-09-05 08:42:41','2021-09-05 08:42:41'),(268,'Gérard','Martinez',0,'qcarpentier@laposte.net','0695995215',NULL,'ce1a6702e9e1c2ab8932126056b62905b39dcc066ae77b525e9410cf','2021-09-05 08:42:41','2021-09-05 08:42:41'),(269,'Camille','Pinto',0,'lucasfrancois@noos.fr','+33 8 07 47 75 89',NULL,'3245cd03c76ae5b0fec804449aec912acb9ad6b67f91c58eb0c346c8','2021-09-05 08:42:41','2021-09-05 08:42:41'),(270,'Thibaut','Grondin',0,'philippine41@dbmail.com','08 04 30 65 17',NULL,'ad2fb94c597f96fd10afaf1a732a8aff2376c7f1ced05e5b0946e8ae','2021-09-05 08:42:41','2021-09-05 08:42:41'),(271,'Chantal','Leroux',0,'charrierclaire@club-internet.fr','0505603846',NULL,'9f9b7a1cac47426782090bb8d88cbf1ce78c78d6db16c2786b581245','2021-09-05 08:42:41','2021-09-05 08:42:41'),(272,'Thibault','Fabre',0,'jourdanthibault@free.fr','+33 4 24 03 68 56',NULL,'0401c64238d9126927ea640f0fdbc75f0b931bbd3c7983acbbd6caa7','2021-09-05 08:42:41','2021-09-05 08:42:41'),(273,'Alfred','Riou',0,'susannemenard@hotmail.fr','+33 (0)1 41 84 57 27',NULL,'2f7c9c20588973f3e203855280891bf09a88ee9d6a612fee4387877e','2021-09-05 08:42:41','2021-09-05 08:42:41'),(274,'Luc','Pruvost',0,'jparis@yahoo.fr','+33 8 05 40 89 29',NULL,'d97a9648cc520af89ff38d539721214ecfac0cbc3070ae047f250102','2021-09-05 08:42:41','2021-09-05 08:42:41'),(275,'Aimé','Gosselin',0,'lucpruvost@orange.fr','+33 8 02 41 59 28',NULL,'db357b61203e062426646fbb9fb1fe07235c21c60d8a52adc7a87e51','2021-09-05 08:42:41','2021-09-05 08:42:41'),(276,'Léon','Maillard',0,'costalucie@voila.fr','+33 5 27 15 36 60',NULL,'064408216b86ff71e4b0ef15d9f336c3a384c39df3343167f4558b2d','2021-09-05 08:42:41','2021-09-05 08:42:41'),(277,'Lorraine','Lopes',0,'margaudcosta@tiscali.fr','01 30 79 64 52',NULL,'c689b07aabc3fddd3f6fa065dcae1dc8f7ca7bc7605c664ee87e2c86','2021-09-05 08:42:41','2021-09-05 08:42:41'),(278,'Emmanuel','Normand',0,'suzanne19@tele2.fr','+33 (0)3 72 72 20 89',NULL,'e629be4fe75be77182f523dec2511483583632a662acc22e83c96032','2021-09-05 08:42:41','2021-09-05 08:42:41'),(279,'Josette','Ferreira',0,'kcosta@club-internet.fr','01 03 70 30 33',NULL,'8dbbe26f18aec835a32d75187d04c060a33de5e6426ef4fe72b8fc6d','2021-09-05 08:42:41','2021-09-05 08:42:41'),(280,'Éric','Millet',0,'therese84@orange.fr','+33 (0)8 09 50 56 86',NULL,'eea68d0d505d68a1c39ac57f5a77b1fefd0646abf2aee57e7971bf3e','2021-09-05 08:42:41','2021-09-05 08:42:41'),(281,'Chantal','Bouchet',0,'patrick10@wanadoo.fr','+33 (0)5 82 89 60 88',NULL,'799906725251c436eddc025abb1466d905c09cf8e8fbda13a0124178','2021-09-05 08:42:41','2021-09-05 08:42:41'),(282,'Dorothée','Chartier',0,'schneidersophie@ifrance.com','+33 (0)6 54 33 84 65',NULL,'5883025c7952705deef51dabcd48ecd3cb2f3f33c7a40ba56e37a624','2021-09-05 08:42:41','2021-09-05 08:42:41'),(283,'Léon','Adam',0,'boucherfrancoise@dbmail.com','04 04 65 78 54',NULL,'f5d91165d5fd3837f0bf8213f0f3ffaf7f338ab0968e7142b5bb5a9c','2021-09-05 08:42:41','2021-09-05 08:42:41'),(284,'Anastasie','Da Silva',0,'paulinecolin@dbmail.com','0122840461',NULL,'7cb91f345740d7eb029e3784ac0155ca0e283fd101fb235f2f087777','2021-09-05 08:42:41','2021-09-05 08:42:41'),(285,'Emmanuelle','Fournier',0,'mgiraud@bouygtel.fr','02 75 47 53 35',NULL,'f5caa01e084052b8aa3a4250b555f9e7fc6a93468daaf2ec816833a8','2021-09-05 08:42:41','2021-09-05 08:42:41'),(286,'Michelle','Thierry',0,'regnierstephanie@noos.fr','0547994889',NULL,'a593bf79b955fc0a03f03431035dc8a322cbc8797876a697450cefc4','2021-09-05 08:42:41','2021-09-05 08:42:41'),(287,'Adélaïde','Delattre',0,'simone31@free.fr','+33 (0)5 99 12 86 91',NULL,'9e15b6f9b5b8aa55a5380e4f435c383801b9abd26db2b6d422a807d3','2021-09-05 08:42:41','2021-09-05 08:42:41'),(288,'Timothée','Dumont',0,'lemaitremartin@orange.fr','08 04 19 48 08',NULL,'7acdbffd54df69d58c8c36ba3efeee8bd8e39680a13fd511aefd0488','2021-09-05 08:42:41','2021-09-05 08:42:41'),(289,'Honoré','Lesage',0,'emace@dbmail.com','0805145158',NULL,'72c0f2baf47cdba5e7dd6b18ecf1d3f4bd449b5c62e49fb72cb8a68c','2021-09-05 08:42:41','2021-09-05 08:42:41'),(290,'Sylvie','Labbe',0,'ines96@sfr.fr','+33 (0)1 00 56 62 46',NULL,'6de3d9a7971c8152e1bcc65802f666a62bd9a4f02f73378566b8f296','2021-09-05 08:42:41','2021-09-05 08:42:41'),(291,'Benjamin','Potier',0,'clercadele@live.com','+33 (0)6 40 35 11 32',NULL,'25be823d049ea2ce4e91fd22be179b138425425c615015aed9b88067','2021-09-05 08:42:41','2021-09-05 08:42:41'),(292,'Roland','Millet',0,'rlopez@tele2.fr','06 98 45 35 36',NULL,'a7a32fc72a88d18071bfe18ad90e0de1971504c710449ba363021217','2021-09-05 08:42:41','2021-09-05 08:42:41'),(293,'Madeleine','Blin',0,'dbuisson@sfr.fr','+33 8 00 23 21 65',NULL,'9e97334c6e7544832a4ee24703cc75fa0220102d5ca9dc3494b8eb63','2021-09-05 08:42:41','2021-09-05 08:42:41'),(294,'Paulette','Duval',0,'chretienrobert@ifrance.com','0808229266',NULL,'6eebd90836ad4700d7fabddcb22df45f115f53d77bb11a1b6afd2e5d','2021-09-05 08:42:41','2021-09-05 08:42:41'),(295,'Claire','Henry',0,'georges80@ifrance.com','+33 (0)1 11 81 87 81',NULL,'b30233525e8944e0f5e9c3cfd18be3258d905f02477a3be941f2d059','2021-09-05 08:42:41','2021-09-05 08:42:41'),(296,'Élise','Bailly',0,'jeanaurore@club-internet.fr','+33 (0)1 85 00 67 91',NULL,'b2c95853626077734ae25768fde0ea97f7f5c742ad65007687cbc053','2021-09-05 08:42:41','2021-09-05 08:42:41'),(297,'Lorraine','Roy',0,'pierremarchal@hotmail.fr','+33 6 10 75 74 66',NULL,'dc9de2f1ed2b4cf5343e272ab7fc8c04e91908db1730b877cb0eef17','2021-09-05 08:42:41','2021-09-05 08:42:41'),(298,'Clémence','Leroy',0,'lguillaume@hotmail.fr','0645709084',NULL,'d1991ea023d0c39cfe034c9c326e3c928da5672ce44b7dc1cf6c05a9','2021-09-05 08:42:41','2021-09-05 08:42:41'),(299,'Alice','Lacroix',0,'david50@yahoo.fr','01 86 19 16 38',NULL,'07b3646171f591778556db06d14e1b004fb6969ffcaee18c03883d77','2021-09-05 08:42:41','2021-09-05 08:42:41'),(300,'Charlotte','Denis',0,'imace@hotmail.fr','01 47 81 67 55',NULL,'7717c16fe2fd0f49a8c1af9f38ea51bbbb08ba96d83119f237521872','2021-09-05 08:42:41','2021-09-05 08:42:41'),(301,'Lucy','Turpin',0,'toussaintalix@live.com','0619738348',NULL,'188a6de9675301aa976bf4f5597b1b34299d102cd61fcb69df1eee77','2021-09-05 08:42:41','2021-09-05 08:42:41'),(302,'Virginie','Lucas',0,'hgallet@live.com','+33 2 61 33 46 35',NULL,'ec7192a8f31ad468ff65a40c45fd624567316a30ac96a523f2fdc530','2021-09-05 08:42:41','2021-09-05 08:42:41'),(303,'Thibault','Descamps',0,'ehamel@free.fr','02 77 81 26 43',NULL,'01872294425a9d0e792b52e2f8a537ba64a509eefd4ce3cef15ac35c','2021-09-05 08:42:41','2021-09-05 08:42:41'),(304,'Roger','Guillet',0,'alexandrerobin@tele2.fr','0425169562',NULL,'dc0dbebed17ccd5720202c700ae44eeb4c7667d6b0f9b263166cc86a','2021-09-05 08:42:41','2021-09-05 08:42:41'),(305,'Brigitte','Gregoire',0,'gomeschristophe@yahoo.fr','01 90 34 45 57',NULL,'b5fe265b07f87cd88e6e0b52fcff2cca2f2d10b944961e8a5d1cf818','2021-09-05 08:42:41','2021-09-05 08:42:41'),(306,'Adèle','Renaud',0,'marincaroline@hotmail.fr','08 00 62 67 55',NULL,'77e3107b3ea008de258fe540a7df3947980e4a7193fc0f2b4e1a3762','2021-09-05 08:42:41','2021-09-05 08:42:41'),(307,'Susanne','Lebrun',0,'poirierarthur@bouygtel.fr','0155596311',NULL,'744a8310ffb58c0edc93aeec3115fa55f6d0d648166b46a669516eda','2021-09-05 08:42:41','2021-09-05 08:42:41'),(308,'Laurent','Grondin',0,'qdelattre@wanadoo.fr','05 46 69 75 78',NULL,'90eeb22eefd6e3977c68892ae588dedccdd18e750b37ce034a44bb9b','2021-09-05 08:42:41','2021-09-05 08:42:41'),(309,'Xavier','Hoarau',0,'isabelleleduc@ifrance.com','01 85 04 93 41',NULL,'fef848e2330f0d5549848c829e192bcedce8125a11339af18f8bb1c5','2021-09-05 08:42:41','2021-09-05 08:42:41'),(310,'Thibault','Pruvost',0,'auguste80@yahoo.fr','08 00 94 28 07',NULL,'c05a04f7e9d71a5922b430efb8703c702bf2d736acfb13c849da97a8','2021-09-05 08:42:41','2021-09-05 08:42:41'),(311,'Christelle','Lagarde',0,'ibesson@wanadoo.fr','+33 (0)8 00 73 16 16',NULL,'b969e85e5b9b736852197d6d0404fdfb8deb2ff361b310896709f728','2021-09-05 08:42:41','2021-09-05 08:42:41'),(312,'Alice','Da Silva',0,'benoitbigot@laposte.net','+33 5 15 77 25 34',NULL,'1b53e85daa0f175b3611dbf849f8d289d1191ef2f6b273e12b61a89f','2021-09-05 08:42:41','2021-09-05 08:42:41'),(313,'Thérèse','Pons',0,'everdier@hotmail.fr','02 57 26 35 91',NULL,'cbd14d4aa82454a2f4aa167b20fd088b7bf656a79204749b950f9833','2021-09-05 08:42:41','2021-09-05 08:42:41'),(314,'Sylvie','Delahaye',0,'margueritejourdan@live.com','04 13 94 01 30',NULL,'4094bfc133cddaf0bfa661440250f01f4691f110661cf3a8daa52373','2021-09-05 08:42:41','2021-09-05 08:42:41'),(315,'Vincent','Leclercq',0,'alain30@tiscali.fr','+33 1 80 74 66 12',NULL,'c6a8c9042c3e163c5f95a9398b33e3d550d23d04491a267b55ceccc4','2021-09-05 08:42:41','2021-09-05 08:42:41'),(316,'Martine','Klein',0,'sauvagemarie@hotmail.fr','0137497200',NULL,'a481443993f37a86f045f3e8729a5da6c4a5cf3eb49b1c066d2085b0','2021-09-05 08:42:41','2021-09-05 08:42:41'),(317,'Simone','Blanc',0,'gomesmichele@sfr.fr','0191150468',NULL,'a50d1ef64a7809eda2e98702248a508f8e5a4132b6b37354c0d92fee','2021-09-05 08:42:41','2021-09-05 08:42:41'),(318,'daisy','Robin',0,'gbourgeois@yahoo.fr','01 79 41 28 42',NULL,'c8c7dc5fd48f144fc1d8279d75eb1de16ab57a127f3cc9297d9a9324','2021-09-05 08:42:41','2021-09-05 08:42:41'),(319,'Étienne','Lecomte',0,'plefevre@dbmail.com','0809456580',NULL,'244820406a91c2be410b5fe97bd244eefb0e9c5cafb0d90268c96c2a','2021-09-05 08:42:41','2021-09-05 08:42:41'),(320,'Arthur','Boulay',0,'margotraymond@tele2.fr','+33 2 15 67 44 90',NULL,'4dfd7de1adb44afe4adcd5ebe7c1df0e85c6aac688c531f377760f44','2021-09-05 08:42:41','2021-09-05 08:42:41'),(321,'Roger','Bourgeois',0,'julien21@sfr.fr','01 34 78 79 44',NULL,'3e5a0a61e93f145dcf9aa04de9b345d11b3275a90d39540d45463844','2021-09-05 08:42:41','2021-09-05 08:42:41'),(322,'Nathalie','Letellier',0,'ple-roux@tiscali.fr','04 66 23 76 42',NULL,'f117429f16f65fc00c6d188d11905e4d1fce19ee59eff97a19167c47','2021-09-05 08:42:41','2021-09-05 08:42:41'),(323,'Victor','Bousquet',0,'morenoxavier@ifrance.com','+33 (0)6 90 13 38 90',NULL,'0aa493ee1ce2d08f49ca7857460832206854ac53eefe2575ac0ae8e1','2021-09-05 08:42:41','2021-09-05 08:42:41'),(324,'Cécile','Delmas',0,'qjoubert@dbmail.com','0289358448',NULL,'1446914f358c11a6dc42ada7b8805d3ef94278e4606d53a3086b76cb','2021-09-05 08:42:41','2021-09-05 08:42:41'),(325,'Antoine','Wagner',0,'monique74@tiscali.fr','+33 5 11 82 51 39',NULL,'093cd0b93f32993e03901e050b5df1432b92233702523d211fce92e3','2021-09-05 08:42:41','2021-09-05 08:42:41'),(326,'Constance','Michaud',0,'josettehuet@gmail.com','+33 (0)1 81 93 49 36',NULL,'18a88c13344252acd5b6ac9be5077149a40f6b1329c623ce0b43630f','2021-09-05 08:42:41','2021-09-05 08:42:41'),(327,'Inès','Guyon',0,'tlamy@hotmail.fr','+33 5 35 77 16 25',NULL,'c0200e80ec8a2245e5be92c62a6107155bfcf13c546578d754a7fa67','2021-09-05 08:42:41','2021-09-05 08:42:41'),(328,'Lucie','Lenoir',0,'theodorejacques@hotmail.fr','+33 2 64 20 27 91',NULL,'e0c92bff0fd5d5775f77f433c10db8995a5b129895d2584e05f53cee','2021-09-05 08:42:41','2021-09-05 08:42:41'),(329,'Hortense','Regnier',0,'sylvie39@laposte.net','+33 3 91 03 58 60',NULL,'d3a661d49cf4bf7539802f244bed86301d24978d7e4c1818d35854b2','2021-09-05 08:42:41','2021-09-05 08:42:41'),(330,'Manon','Alexandre',0,'tguillot@yahoo.fr','+33 2 93 59 77 27',NULL,'0a95887414d03569e252f808852dfe0cfdad2e998d154cdcb92bc02c','2021-09-05 08:42:41','2021-09-05 08:42:41'),(331,'Nathalie','Lopez',0,'olivierpauline@wanadoo.fr','08 09 82 89 75',NULL,'56bc3afde4dcca1efacc9c606daf28a6984e799deb0b8c9e1c06918d','2021-09-05 08:42:41','2021-09-05 08:42:41'),(332,'Noémi','Dubois',0,'ulefort@ifrance.com','02 06 82 82 85',NULL,'8e260307d3188171c702dd1117e3999495315d0ab9405e898e7baf1d','2021-09-05 08:42:41','2021-09-05 08:42:41'),(333,'Jérôme','Allain',0,'fmarchal@tiscali.fr','+33 2 66 28 36 67',NULL,'33b99317c2e2e693908c5681f892b9322ce449ce7d7d4e3a530d1b3f','2021-09-05 08:42:41','2021-09-05 08:42:41'),(334,'Maryse','Gautier',0,'lagardemaurice@hotmail.fr','08 07 96 15 92',NULL,'116c217cdfd157028bab2d776205438090fa8a4ff185788e8f540c87','2021-09-05 08:42:41','2021-09-05 08:42:41'),(335,'Christine','Lombard',0,'anoukhuet@sfr.fr','0349509454',NULL,'0a6a4eb5bde41699cabf287c0dd4cfa1ae6b4eebb035b6ded7ad4978','2021-09-05 08:42:41','2021-09-05 08:42:41'),(336,'Philippine','Fleury',0,'charpentiermarcel@sfr.fr','0572050595',NULL,'231fe7455b673e9d06ff5d1cbbd53e6a6e43f04f02bdae496fa6a6ff','2021-09-05 08:42:41','2021-09-05 08:42:41'),(337,'Hugues','Boyer',0,'vroussel@tele2.fr','0334973012',NULL,'d53b734cd6f04fb1a25b669cb8a99151b5233ac23d7393c671620834','2021-09-05 08:42:41','2021-09-05 08:42:41'),(338,'Philippe','Gautier',0,'ietienne@gmail.com','+33 (0)1 98 76 32 36',NULL,'afa37be2307fa983d7ebc78839d87ce7f2ac8f64bf8962c9735717e7','2021-09-05 08:42:41','2021-09-05 08:42:41'),(339,'Augustin','Lebon',0,'vnavarro@free.fr','01 97 45 62 83',NULL,'b62392ea6dc0a467986a19556a98ed1f4b3f81be92d95cd14d2357ff','2021-09-05 08:42:41','2021-09-05 08:42:41'),(340,'Alex','Julien',0,'eugene74@voila.fr','0376451923',NULL,'5ecb1f2d704c0626ed23911bbf36664454cdf33ca3ea088a5130014b','2021-09-05 08:42:41','2021-09-05 08:42:41'),(341,'William','Boulanger',0,'weissmarguerite@hotmail.fr','05 37 51 18 30',NULL,'65ae3d66cdd020bc7d83e5aca29db76e0184fbe1d74689d0adffb19e','2021-09-05 08:42:41','2021-09-05 08:42:41'),(342,'Georges','Philippe',0,'olecomte@sfr.fr','+33 (0)1 05 72 60 85',NULL,'a5c0bc230fbab0bc61a628aa4bacb0f065007783a1dc264b81c92112','2021-09-05 08:42:41','2021-09-05 08:42:41'),(343,'Thibault','Texier',0,'alexandrejosephine@tiscali.fr','0182477255',NULL,'47c89a39befc63ee87ed1b3d41c35a136127e28f0c0b002d92824170','2021-09-05 08:42:41','2021-09-05 08:42:41'),(344,'Patricia','Dias',0,'xdeschamps@club-internet.fr','+33 2 93 26 41 59',NULL,'10467286e5cbf33d6f84d0da4a42ead3289edd833bb52be94d34e758','2021-09-05 08:42:41','2021-09-05 08:42:41'),(345,'Pénélope','Lemaire',0,'gautiermarthe@club-internet.fr','0611361615',NULL,'854e53f59dde7cef1828576acb74fb2db17913a9c85be6ae7ffbc831','2021-09-05 08:42:41','2021-09-05 08:42:41'),(346,'Lucy','Lefevre',0,'simonvincent@live.com','08 07 96 60 08',NULL,'ed119ddb84c3b9a4155b3fb4e517b2cf5deb881768b8b26dec15aadc','2021-09-05 08:42:41','2021-09-05 08:42:41'),(347,'Gilbert','Roux',0,'malletnath@gmail.com','0337543352',NULL,'afecbbf58328199394b9fbbddc6cc39b0c3c294f25dc4fb4993c5764','2021-09-05 08:42:41','2021-09-05 08:42:41'),(348,'Claudine','Raynaud',0,'labbefrancois@tele2.fr','+33 6 37 28 18 31',NULL,'9fb12b69597b99234d4acaf8a26500d8a63ef3cb5a88aa2f375d9357','2021-09-05 08:42:41','2021-09-05 08:42:41'),(349,'Benoît','Raynaud',0,'bruneaupenelope@ifrance.com','02 28 98 62 39',NULL,'9f89ce2ed112a6ec55821c01fdabac32342692423abf47031812b26d','2021-09-05 08:42:41','2021-09-05 08:42:41'),(350,'Claudine','Colas',0,'xcollet@noos.fr','+33 (0)2 56 95 22 08',NULL,'a2365988101e4385c254e043935b09f57e894b63db9d250bc4f2baea','2021-09-05 08:42:41','2021-09-05 08:42:41'),(351,'Dorothée','Techer',0,'catherinebousquet@ifrance.com','+33 (0)6 47 01 54 22',NULL,'dfeb8804acd6549a3bd961abd93e655ff9277ec60b2a17ea28e126c4','2021-09-05 08:42:41','2021-09-05 08:42:41'),(352,'Martin','Gautier',0,'wboulanger@orange.fr','+33 (0)4 39 49 08 28',NULL,'18632d37cffba73b2cc57517b5b80d3d38e248d94baa93ecc8140262','2021-09-05 08:42:41','2021-09-05 08:42:41'),(353,'Susanne','Etienne',0,'gabrielle24@ifrance.com','0340648686',NULL,'3a946dfbab9562d7132adcb374be61fc1d5512966c78fb6f307a7737','2021-09-05 08:42:41','2021-09-05 08:42:41'),(354,'Sylvie','Begue',0,'michelle69@voila.fr','+33 1 35 22 30 92',NULL,'769053be745bf842b0a6cbdc2fa5f3d0c5c5141eb324835cf5d86c5c','2021-09-05 08:42:41','2021-09-05 08:42:41'),(355,'Paulette','Bazin',0,'ferrandemilie@tiscali.fr','04 02 28 36 31',NULL,'50ed3aa2d43b12d3f5b30c56f9a07c92cdab02ef5781e98f0b36fe92','2021-09-05 08:42:41','2021-09-05 08:42:41'),(356,'Matthieu','Pottier',0,'mauricemarguerite@yahoo.fr','+33 3 05 39 98 06',NULL,'f71729c376603bf9e4d8e3b1b141846cf7e5a42406ed2fa72d24c2f3','2021-09-05 08:42:41','2021-09-05 08:42:41'),(357,'François','Buisson',0,'virginie95@bouygtel.fr','+33 1 39 77 54 68',NULL,'0e5cbe40559078422f654ec8606d306038f1a934826f0872eb718ccd','2021-09-05 08:42:41','2021-09-05 08:42:41'),(358,'Valérie','Simon',0,'plemoine@sfr.fr','+33 6 67 36 28 63',NULL,'34972eb53aabeeb9230ddbd5c1d1a8659969a53e8f84d03142aecba3','2021-09-05 08:42:41','2021-09-05 08:42:41'),(359,'Denise','Michel',0,'fjacquet@laposte.net','+33 (0)1 64 25 61 19',NULL,'b7ff5c83ad8e4036aa3bd463c102649bb64e698e8ed5d21e9f0a614b','2021-09-05 08:42:41','2021-09-05 08:42:41'),(360,'Alexandrie','Pierre',0,'gilbert52@noos.fr','+33 (0)1 38 06 37 81',NULL,'3417b22ac86edc7f9a72ecc3c6acebc22f294737ab355000ddc8ca4f','2021-09-05 08:42:41','2021-09-05 08:42:41'),(361,'Noémi','Vallet',0,'emilie08@hotmail.fr','+33 (0)1 46 92 06 39',NULL,'66e6bc1aafd6788580dab8645b30852a42412fdd093d35d82c907352','2021-09-05 08:42:41','2021-09-05 08:42:41'),(362,'Édouard','Rocher',0,'bmahe@laposte.net','08 01 45 83 08',NULL,'446d675754fa361026f67d65c34879609ac151f210177741a72275ac','2021-09-05 08:42:41','2021-09-05 08:42:41'),(363,'Lucie','Hoareau',0,'remynoemi@hotmail.fr','+33 (0)8 02 35 40 35',NULL,'e254e5d7398eff99411916444427032c5d92636948a46dea4cbe3740','2021-09-05 08:42:41','2021-09-05 08:42:41'),(364,'Marcel','Boyer',0,'tlaporte@gmail.com','+33 4 82 40 75 14',NULL,'79dfb3d9592620fecd3fa614397312a69ffdc222078b2ce791325314','2021-09-05 08:42:41','2021-09-05 08:42:41'),(365,'Victor','Potier',0,'astrid76@wanadoo.fr','+33 (0)1 01 70 75 10',NULL,'ec6cc50c1c4a580cd3953de28e53e29b07b2e3403a60ce1c648a4924','2021-09-05 08:42:41','2021-09-05 08:42:41'),(366,'Élise','Torres',0,'valentinehubert@orange.fr','04 89 48 59 92',NULL,'b9d9b8b10a0e618bd9d5cbd79f899316d12743fb7224e502c3793227','2021-09-05 08:42:41','2021-09-05 08:42:41'),(367,'Lucas','Hardy',0,'bonneaulucy@hotmail.fr','+33 (0)2 47 73 75 74',NULL,'33fa5f12d92a1323f59fe26b52cd6ac5589e711e756336421ada82f8','2021-09-05 08:42:41','2021-09-05 08:42:41'),(368,'Maggie','Bailly',0,'micheleroger@voila.fr','+33 (0)2 87 58 20 31',NULL,'03585221fb53d1eb0ef237901a8cd070b649115380594c9de59c4656','2021-09-05 08:42:41','2021-09-05 08:42:41'),(369,'Édouard','Roux',0,'paul63@voila.fr','+33 1 41 10 62 59',NULL,'ac91bdee3bcfc31c34e89346795410d9c977f6dd55f7d64897834adb','2021-09-05 08:42:41','2021-09-05 08:42:41'),(370,'Alexandria','Maurice',0,'le-rouxalfred@ifrance.com','0404336725',NULL,'41c173ebc629dcc8703c144d6c6dd3a0f13678f6407a85c111b8e4a6','2021-09-05 08:42:41','2021-09-05 08:42:41'),(371,'Michelle','Becker',0,'kneveu@tele2.fr','05 12 84 88 51',NULL,'fd528edb2b6cbda4c0cc7e10c051b66f762fd292946a073abef867ad','2021-09-05 08:42:41','2021-09-05 08:42:41'),(372,'Nicolas','Valette',0,'rlefebvre@gmail.com','0301700831',NULL,'f6d3bd28d38129ceb23c84912a8bc8de01eccc23921a1da3b24557d0','2021-09-05 08:42:41','2021-09-05 08:42:41'),(373,'Susanne','Louis',0,'kbouvier@wanadoo.fr','0669761612',NULL,'409ad4eb9e99d73e4490954370dc67def426d97c40eefe1f5351bc56','2021-09-05 08:42:41','2021-09-05 08:42:41'),(374,'Pénélope','Legendre',0,'blotlucas@bouygtel.fr','+33 1 14 19 55 62',NULL,'98fb3cbe4579d0482d16fedec8582575d9990ef61d509fc8d7db28ed','2021-09-05 08:42:41','2021-09-05 08:42:41'),(375,'Margaux','Guillon',0,'da-silvamathilde@voila.fr','01 12 88 58 82',NULL,'8568befc61bf02b77ce6a2b001887f7a952262d1734c98102195c5f2','2021-09-05 08:42:41','2021-09-05 08:42:41'),(376,'Michel','Garcia',0,'eugenecoste@tele2.fr','+33 5 72 93 01 82',NULL,'85e1817b2a73a46294a67585f9c4c21407de9aeae9626b907b824073','2021-09-05 08:42:41','2021-09-05 08:42:41'),(377,'Susanne','Lebreton',0,'xpons@noos.fr','+33 (0)6 49 41 44 36',NULL,'df17682882f916a6f12d7e8afeb08a80c04567c9058062e6f53a556d','2021-09-05 08:42:41','2021-09-05 08:42:41'),(378,'Alex','Fabre',0,'lacombejerome@voila.fr','+33 4 08 24 24 78',NULL,'3c96ac71cbd241bda0d589f6fcf027f1ece72ea9a4f6469506e14095','2021-09-05 08:42:41','2021-09-05 08:42:41'),(379,'Louis','Picard',0,'ecolin@gmail.com','05 23 32 08 62',NULL,'b29f732f93c9396e4461181b555481c238babddd09245fc9764e2b42','2021-09-05 08:42:41','2021-09-05 08:42:41'),(380,'Agathe','Leroux',0,'mendesbernard@bouygtel.fr','05 78 15 69 27',NULL,'4874e02db46d360b94eb2e45687e7e72679e13d156514ae302d356cb','2021-09-05 08:42:41','2021-09-05 08:42:41'),(381,'Inès','Bonnin',0,'nathalieaubry@dbmail.com','03 61 37 56 00',NULL,'6e2ff81b919be58ff434891da949862a297738d7466c05e952ec04a7','2021-09-05 08:42:41','2021-09-05 08:42:41'),(382,'Élisabeth','Faure',0,'bbrun@yahoo.fr','0179438842',NULL,'0cb25cd87ec9d86099351c97c9d87708018eb1f8e6462eb266c5e32e','2021-09-05 08:42:41','2021-09-05 08:42:41'),(383,'Odette','Rocher',0,'nlegros@live.com','+33 8 03 52 94 12',NULL,'89e7c3c575a3269e33e1d465e3203a30c33986d5ce0294e0fb4b2672','2021-09-05 08:42:41','2021-09-05 08:42:41'),(384,'Valérie','Weiss',0,'gomezrichard@gmail.com','+33 (0)1 47 48 99 45',NULL,'467dec72a355513a7e87af0df09c852858ef1336a57dae2d39d61798','2021-09-05 08:42:41','2021-09-05 08:42:41'),(385,'Auguste','Hamel',0,'agathe65@sfr.fr','+33 8 02 40 22 76',NULL,'84939a13cc7de9c316afc69314007816065399be5a7aadaba50114ab','2021-09-05 08:42:41','2021-09-05 08:42:41'),(386,'Alex','Chauveau',0,'kalves@yahoo.fr','+33 5 30 75 67 54',NULL,'e87a8a6cc9897646e20c1f96e4b4ca2d45ecdd348eb5f9eca0be6981','2021-09-05 08:42:41','2021-09-05 08:42:41'),(387,'Édouard','Hamon',0,'qgomez@gmail.com','0199092002',NULL,'60cc439f0ad6f3dcf8c6f112a07a03e65819e7480074df5aa8114977','2021-09-05 08:42:41','2021-09-05 08:42:41'),(388,'Gérard','Richard',0,'fmonnier@bouygtel.fr','+33 2 87 79 21 88',NULL,'130cfa9f66c87b077e704bc4b78e71c058442529ee1f8e52fde640c7','2021-09-05 08:42:41','2021-09-05 08:42:41'),(389,'Alix','Neveu',0,'claudelaine@free.fr','+33 4 57 79 03 27',NULL,'79d68abd683806be238e8baa4d3f0d09c179938359e3931e52caee43','2021-09-05 08:42:41','2021-09-05 08:42:41'),(390,'Aimé','Baudry',0,'vfernandez@noos.fr','0681037011',NULL,'613cae6c7a95a940723559437fd9eef892f33836cd5f92a2376c08f4','2021-09-05 08:42:41','2021-09-05 08:42:41'),(391,'Bernadette','Blot',0,'lucas01@noos.fr','+33 (0)4 34 38 18 65',NULL,'2e363a007ab5a665ca0e9218b1974df9e16c61d7e06c416630826f52','2021-09-05 08:42:41','2021-09-05 08:42:41'),(392,'Cécile','Regnier',0,'bernadette56@club-internet.fr','+33 5 12 76 89 76',NULL,'060c1d563e409278357d714fa7cd5a2eb2a2956d2f55d34269cf060a','2021-09-05 08:42:41','2021-09-05 08:42:41'),(393,'Antoine','Thierry',0,'lucas35@tele2.fr','08 04 95 47 62',NULL,'53704a6eaeb27094e6027f5f822e8f916e073009fdb5a1194d395280','2021-09-05 08:42:41','2021-09-05 08:42:41'),(394,'Célina','Carlier',0,'danielgabriel@dbmail.com','+33 4 35 91 89 64',NULL,'31c6cb36616bf6975c4eaa1e965839ed6dca8138264a26613c00a3a7','2021-09-05 08:42:41','2021-09-05 08:42:41'),(395,'Patrick','Blondel',0,'margotroussel@hotmail.fr','+33 1 91 77 42 03',NULL,'135cbef2b5c730a179b70a5adacd8d395527ea9542292127361da4db','2021-09-05 08:42:41','2021-09-05 08:42:41'),(396,'Brigitte','Tessier',0,'edith36@voila.fr','+33 1 12 99 64 45',NULL,'f8ac96dbd9a0a90d340f2c16bb9a1d6e2d0dc1a526c236858a066a91','2021-09-05 08:42:41','2021-09-05 08:42:41'),(397,'Élodie','Guillon',0,'mleroux@tiscali.fr','0396213266',NULL,'6f75b389be700f4abafdd68620733ed74c1ab9aeda56ac0c3a01c15a','2021-09-05 08:42:41','2021-09-05 08:42:41'),(398,'Lucie','Benard',0,'susanjean@tele2.fr','+33 2 00 51 78 52',NULL,'fedcaf7824d2437240d50a682e8e003b46bca1d860dddb0d2b3e9c1a','2021-09-05 08:42:41','2021-09-05 08:42:41'),(399,'Valérie','Fabre',0,'lefevreclaudine@dbmail.com','+33 (0)1 78 25 70 41',NULL,'21d2a5dde29df295103671f4ded0c6a63b51945136e6db106734e139','2021-09-05 08:42:41','2021-09-05 08:42:41'),(400,'Olivie','Poulain',0,'blinisaac@voila.fr','02 07 00 98 65',NULL,'00d68529383375d437ba3c15806f1d5507050ee665f731dbc7ec28e5','2021-09-05 08:42:41','2021-09-05 08:42:41'),(401,'Roger','Rey',0,'lucybourdon@tiscali.fr','+33 (0)3 38 38 19 13',NULL,'f381d092aa834f245881ba52e67ed263ebedf99b8142f7b39f1be61b','2021-09-05 08:42:41','2021-09-05 08:42:41'),(402,'Martin','Barre',0,'yves53@club-internet.fr','05 41 29 40 95',NULL,'9a2206ff405cfb965f2cf71c038593c1a067fc9285675c18cbb78465','2021-09-05 08:42:41','2021-09-05 08:42:41'),(403,'Thomas','Jourdan',0,'jacobgilles@ifrance.com','+33 (0)3 82 20 93 02',NULL,'ca86c542370baa7b1bb59b2e2d8ca092df1eab7de7e35129bc0d680c','2021-09-05 08:42:41','2021-09-05 08:42:41'),(404,'Antoine','Gilles',0,'rogerguillaume@dbmail.com','0802674868',NULL,'08581349b55861ad83b9244b1adf71be9147de4efed49e010c4fc869','2021-09-05 08:42:41','2021-09-05 08:42:41'),(405,'Brigitte','Guillaume',0,'maryse57@voila.fr','0478795060',NULL,'ff7297a04bc420d8af9616b19bce69743ee6c4ca9fec15c303e9b1d5','2021-09-05 08:42:41','2021-09-05 08:42:41'),(406,'Margaux','Morel',0,'tteixeira@gmail.com','+33 3 28 06 08 10',NULL,'511f0c0fd489f8e4e12f6cbd02836b1fbcdc601e99d6c90576ed65dc','2021-09-05 08:42:41','2021-09-05 08:42:41'),(407,'Geneviève','Pages',0,'sabine21@live.com','+33 1 58 16 95 33',NULL,'540b6f509dbde077becf9119f0dad0d9fb3be03bd5c581571da4ffa8','2021-09-05 08:42:41','2021-09-05 08:42:41'),(408,'Robert','Gaudin',0,'achauvet@live.com','0181489517',NULL,'c2cf9a2fa53475a4157d031585bf63e2bc365c5dc3d1a0bb83ff1a6a','2021-09-05 08:42:41','2021-09-05 08:42:41'),(409,'Grégoire','Goncalves',0,'claire27@club-internet.fr','0695450431',NULL,'d2eaf2da5326545ad7f44db9374c5af3f905c203813bdbfb4165bf5e','2021-09-05 08:42:41','2021-09-05 08:42:41'),(410,'Christiane','Briand',0,'christopheblanchard@ifrance.com','+33 (0)1 98 80 26 15',NULL,'7d46892a596c9f7ce120735ff6276e53cef9851850084142d6dbba54','2021-09-05 08:42:41','2021-09-05 08:42:41'),(411,'Margaud','Lagarde',0,'igeorges@tele2.fr','+33 2 37 90 52 97',NULL,'447d558d998d740d761005993184425e902046b22747b249cf16dbad','2021-09-05 08:42:41','2021-09-05 08:42:41'),(412,'Sophie','Labbe',0,'dorothee19@sfr.fr','+33 1 30 50 03 53',NULL,'8a4822bda699569225a1932c8896e4b3ecc71b8b4478194e39dd0dbf','2021-09-05 08:42:41','2021-09-05 08:42:41'),(413,'Émile','Nicolas',0,'zperrier@yahoo.fr','+33 (0)2 82 66 01 98',NULL,'a8a4fa82f420b56dda9ace924145a72df2237464efce899b639fc07f','2021-09-05 08:42:41','2021-09-05 08:42:41'),(414,'Roger','Joly',0,'maurice98@voila.fr','0377870680',NULL,'cdaf13114102b6d80c8e914e07e4578979b861cc3b7c39fd04c7beca','2021-09-05 08:42:41','2021-09-05 08:42:41'),(415,'Hortense','Barthelemy',0,'xmarques@gmail.com','+33 (0)8 03 17 29 97',NULL,'f315cc0dd0e7bb37c76aa5f048ff4f9d0fa64a57353cefb21acd691c','2021-09-05 08:42:41','2021-09-05 08:42:41'),(416,'Guy','Carpentier',0,'lebonfrederique@laposte.net','+33 (0)6 69 18 35 73',NULL,'84a8832d311e669338335d5703b6056f0502f47e5fb87fb8c839c58d','2021-09-05 08:42:41','2021-09-05 08:42:41'),(417,'Agathe','Duhamel',0,'boucherbenjamin@tiscali.fr','+33 (0)2 32 66 07 56',NULL,'60bc5b7a3d896ddeda535e89755c482376e21d50e3ec76b23b4f9c57','2021-09-05 08:42:41','2021-09-05 08:42:41'),(418,'Élodie','Lacombe',0,'wroussel@gmail.com','+33 (0)2 04 05 70 43',NULL,'ac726f79a3615cfaaaaee005cf1665a83aee3e45a2a054e534b0223a','2021-09-05 08:42:41','2021-09-05 08:42:41'),(419,'Susan','Hebert',0,'levequeclemence@noos.fr','+33 2 13 20 97 84',NULL,'7f6ce71e285e143a5d16b632c46ea96a1fb0e8a0200e72ff8a7985f3','2021-09-05 08:42:41','2021-09-05 08:42:41'),(420,'Alix','Remy',0,'veronique61@live.com','+33 4 37 95 20 63',NULL,'3a85ba63c10d3e77d18fbd4db2701aebacadc0c508f039dc3b95dabf','2021-09-05 08:42:41','2021-09-05 08:42:41'),(421,'Alice','Alves',0,'carolinelesage@tiscali.fr','+33 (0)6 59 06 56 83',NULL,'4954be6f9ffecdb3b78d2f2c8d0c6353dd62a406e993d05e7a01751a','2021-09-05 08:42:41','2021-09-05 08:42:41'),(422,'Roger','Breton',0,'sleclercq@live.com','08 04 47 63 99',NULL,'7eea5b797ec26a40a24da0254798c0f842a054df0c5dd9423a3f9148','2021-09-05 08:42:41','2021-09-05 08:42:41'),(423,'Roger','Laurent',0,'adrienmarty@bouygtel.fr','+33 4 50 51 79 07',NULL,'5078fabc77eb2cd7181b1023270f9c83f0a91f22a45fb02d6b8180bc','2021-09-05 08:42:41','2021-09-05 08:42:41'),(424,'Frédéric','Andre',0,'renaudchristiane@live.com','+33 4 43 20 21 99',NULL,'a4a66622a1d93d01d25a43d9fecf30de1564e03f389dc9912664cd62','2021-09-05 08:42:41','2021-09-05 08:42:41'),(425,'Émilie','Chevallier',0,'remydenise@orange.fr','03 48 01 32 60',NULL,'033f48e4b0f78f9b6842e8c6e7273cc712e2f4cd4805a7d90ce6ab4a','2021-09-05 08:42:41','2021-09-05 08:42:41'),(426,'Claude','Fournier',0,'julie22@orange.fr','04 46 34 57 58',NULL,'e3c35b146b8b1e54e5ad58053a5d8eb2ad7746aa3b952b97671454c0','2021-09-05 08:42:41','2021-09-05 08:42:41'),(427,'Paul','Pineau',0,'suzanneguillou@gmail.com','0200628313',NULL,'f1d818a0ce1d0827e69bd27372aedf7509661c252699018a2bed61b9','2021-09-05 08:42:41','2021-09-05 08:42:41'),(428,'Anne','Bazin',0,'hhumbert@laposte.net','+33 1 50 44 69 48',NULL,'02eef374430e50abba5815faf69e7cb7b85de78d097bdb14c7b87b8e','2021-09-05 08:42:41','2021-09-05 08:42:41'),(429,'Charlotte','Voisin',0,'lecontenath@ifrance.com','01 77 10 22 57',NULL,'ae368cf4bd00a2a0ab144ecae6ec31682851b47652c93328000d5c69','2021-09-05 08:42:41','2021-09-05 08:42:41'),(430,'Sylvie','Marin',0,'umichel@gmail.com','+33 1 66 56 99 30',NULL,'e76a9d90b9f02ad573614cfa56ec6667604dcb3ba3bbd4a669d5e43e','2021-09-05 08:42:41','2021-09-05 08:42:41'),(431,'Gabriel','Sanchez',0,'henriallard@voila.fr','+33 (0)6 79 28 45 20',NULL,'99988112288b25ce04306549f90fd7d5e550c66094340149e1f564ed','2021-09-05 08:42:41','2021-09-05 08:42:41'),(432,'Thibault','Leger',0,'normandadrienne@live.com','0444005952',NULL,'7afe4e12fc6680b2ed8b7e61627827c01b4e842483c376f09e54b5cc','2021-09-05 08:42:41','2021-09-05 08:42:41'),(433,'Louis','Rossi',0,'drenaud@club-internet.fr','+33 5 16 08 13 65',NULL,'37778729423513723c32512886c42c8ac95bc098faf5634e8707e712','2021-09-05 08:42:41','2021-09-05 08:42:41'),(434,'Philippine','Chauveau',0,'legergenevieve@live.com','+33 1 10 28 32 64',NULL,'f5bcd9492343394b4c63b98272320a91dca539ad9ab258fc5c809dbf','2021-09-05 08:42:41','2021-09-05 08:42:41'),(435,'Arnaude','Leveque',0,'kfleury@voila.fr','+33 5 07 20 39 76',NULL,'94df314ee9b42e63e815d6a12ee9d4caad461e54b20310b6f188c5d0','2021-09-05 08:42:41','2021-09-05 08:42:41'),(436,'René','Monnier',0,'bouchetmaurice@bouygtel.fr','0137817005',NULL,'f0fc98a0dadc7e24e4314d8efa206f99d3e8e55f270a996e256fdee0','2021-09-05 08:42:41','2021-09-05 08:42:41'),(437,'Christophe','Martin',0,'elisabeth63@wanadoo.fr','+33 (0)1 07 92 25 97',NULL,'de69b52ba33ea00153fc27a7bfefedf0a2dc0088177e62ee74d59499','2021-09-05 08:42:41','2021-09-05 08:42:41'),(438,'Chantal','Navarro',0,'laetitiaparis@free.fr','05 95 26 43 78',NULL,'3181df269119419bb9ff102157635eca77a5b9771c67158df3efea57','2021-09-05 08:42:41','2021-09-05 08:42:41'),(439,'Antoinette','Leclercq',0,'elise41@bouygtel.fr','06 74 47 42 82',NULL,'b2d43ffb4e95e8f48818a05e24a6bcddfd3e527d266991250f98e84f','2021-09-05 08:42:41','2021-09-05 08:42:41'),(440,'Laetitia','Schmitt',0,'diaslucas@hotmail.fr','+33 (0)4 00 70 45 01',NULL,'800a9642c329a4b51f6359f2f45b086b64d52620d4f608009e2c6d1c','2021-09-05 08:42:41','2021-09-05 08:42:41'),(441,'Aurélie','Lopez',0,'renarddaisy@dbmail.com','06 69 81 38 88',NULL,'518224373896c5d35a00e456527f0ca2da8a7066386f1caad0509296','2021-09-05 08:42:41','2021-09-05 08:42:41'),(442,'Michel','Schneider',0,'gilles74@laposte.net','+33 (0)4 68 59 90 71',NULL,'90449fd0e0c81583148e51dbbdac29bb7db296788538380dd4b81b69','2021-09-05 08:42:41','2021-09-05 08:42:41'),(443,'Martine','Paul',0,'alexklein@voila.fr','+33 4 77 43 33 36',NULL,'f1407a69d863482283e957d5df09f63273ac7880a5868f986b504d69','2021-09-05 08:42:41','2021-09-05 08:42:41'),(444,'Alexandria','Noel',0,'jmarques@orange.fr','0315203786',NULL,'c51c25019fd08cbdf83bfa741663adf68258a58249f6d7713a02f65c','2021-09-05 08:42:41','2021-09-05 08:42:41'),(445,'Alex','Merle',0,'alfred25@bouygtel.fr','+33 6 17 65 49 74',NULL,'93a9021e22f1af217570200ffcd9ef7c52d301713526f7183956de34','2021-09-05 08:42:41','2021-09-05 08:42:41'),(446,'Alexandre','Berger',0,'zoe70@yahoo.fr','+33 (0)4 06 47 28 14',NULL,'104148d255ff65df8aed50f596a28190312ee3b0ad40ca982e190074','2021-09-05 08:42:41','2021-09-05 08:42:41'),(447,'Gabrielle','Marion',0,'andreboulanger@gmail.com','0445859075',NULL,'9e942fd4600e46abc805d132ccb71dbab0e1f5b953917c8e2b2955eb','2021-09-05 08:42:41','2021-09-05 08:42:41'),(448,'Grégoire','Lopez',0,'parisnicole@dbmail.com','+33 (0)6 93 94 89 83',NULL,'13e5f8ad39785a23213457d05319d2c610c5b2a3d0dbe3a883dbc870','2021-09-05 08:42:41','2021-09-05 08:42:41'),(449,'Marcel','Hebert',0,'zchretien@wanadoo.fr','04 71 95 91 84',NULL,'9d86c491efb5af7680f535522d9d5244a0676477345570ddd77140cb','2021-09-05 08:42:41','2021-09-05 08:42:41'),(450,'Sébastien','Godard',0,'daisy08@wanadoo.fr','02 01 93 47 13',NULL,'2daaa9ec359e177d7074e7ad5114a97954985f5deb4fa63ba9af25ac','2021-09-05 08:42:41','2021-09-05 08:42:41'),(451,'Frédéric','Mary',0,'barbieragathe@orange.fr','+33 (0)5 11 55 14 12',NULL,'63f5e3197b623333fef5c8b0f0528bd0ebecea974ae359f4d9e37e45','2021-09-05 08:42:41','2021-09-05 08:42:41'),(452,'Susan','Joly',0,'rossiroland@voila.fr','+33 (0)8 08 71 97 07',NULL,'7f3869a7f82cfb0e9773728735f3a80c67fad21caa1363bd9b98c514','2021-09-05 08:42:41','2021-09-05 08:42:41'),(453,'Clémence','Normand',0,'claudinedidier@sfr.fr','+33 2 45 27 33 77',NULL,'2d60e0cb79ed0edfed241c341782231ddd7b9299e52e60f51472f5eb','2021-09-05 08:42:41','2021-09-05 08:42:41'),(454,'Stéphanie','Peltier',0,'gilles86@free.fr','+33 3 30 64 50 45',NULL,'2709fae2a06c166e90960edc208e172bd8e1a7d2dc5b8a2b9baae805','2021-09-05 08:42:41','2021-09-05 08:42:41'),(455,'Arnaude','Dufour',0,'corinnerossi@laposte.net','0328935921',NULL,'00999e971641af7d419d32f734728ad6750b964f149f7bfe4e0de2ad','2021-09-05 08:42:41','2021-09-05 08:42:41'),(456,'Claudine','Masson',0,'denisebarthelemy@wanadoo.fr','+33 2 83 42 48 52',NULL,'64f27666e23ec4719ddb85df5b8ff3870bc9a4495ff47ebdd078a620','2021-09-05 08:42:41','2021-09-05 08:42:41'),(457,'Célina','Gilles',0,'bertrandpierre@bouygtel.fr','0644490320',NULL,'d28006a22f803d9b7aefa81f03b743c2a1bdfc9689dea4a5883e0245','2021-09-05 08:42:41','2021-09-05 08:42:41'),(458,'Josette','Pruvost',0,'therese98@voila.fr','+33 (0)1 45 40 25 20',NULL,'8cf8aaf7dc26662ce7f45eb5e8c5c6054373c40b527543f3f524f8ff','2021-09-05 08:42:41','2021-09-05 08:42:41'),(459,'Suzanne','Labbe',0,'paul76@tiscali.fr','0525057599',NULL,'ac095d2a2194be3e9d0ae2b5622f70a77bb0e28f61ee14f1d20caa58','2021-09-05 08:42:41','2021-09-05 08:42:41'),(460,'Jérôme','Lagarde',0,'pauline84@wanadoo.fr','+33 5 42 81 14 23',NULL,'3ee397f6e6879010b56c14069e2fb2076ebdcf54861bce1f9f288a95','2021-09-05 08:42:41','2021-09-05 08:42:41'),(461,'Georges','Chevalier',0,'mathieunathalie@yahoo.fr','01 79 89 18 84',NULL,'d32cd0bcefe87c27a4fc77843cbedaf5f6e9a37c3e6f8742d9146a76','2021-09-05 08:42:41','2021-09-05 08:42:41'),(462,'Andrée','Gilles',0,'duvallucy@laposte.net','0605546918',NULL,'2be9b686834d0e0450860cf675a9dc0e788d7f7e3df848d7cf90349c','2021-09-05 08:42:41','2021-09-05 08:42:41'),(463,'Alphonse','Robert',0,'henrythierry@tiscali.fr','0614998179',NULL,'94e1314bfd079a3ea1609cb43b5b64b5467f365d90faac91c0d2dba1','2021-09-05 08:42:41','2021-09-05 08:42:41'),(464,'Margot','Breton',0,'philippe92@gmail.com','0163055475',NULL,'31d0dbc6860da4cb92938e5ed22a0ff1bd60bad89590a484bd6ea819','2021-09-05 08:42:41','2021-09-05 08:42:41'),(465,'Matthieu','Lebon',0,'pottierlucie@bouygtel.fr','01 21 25 05 70',NULL,'a8c3065b45d2673b070f995490a900dd37a1f7ac6ee78acc709d003d','2021-09-05 08:42:41','2021-09-05 08:42:41'),(466,'Aimée','Coulon',0,'michellefoucher@yahoo.fr','02 53 12 88 98',NULL,'c565e4b7c7418168ba512ea9ff2154eb685e75096119ca04423b076a','2021-09-05 08:42:41','2021-09-05 08:42:41'),(467,'Charles','Le Goff',0,'bernard29@dbmail.com','+33 (0)8 08 54 45 37',NULL,'4062fddf13c03f67b34b21798fab817c7feb91b624c3d277270dac63','2021-09-05 08:42:41','2021-09-05 08:42:41'),(468,'Marcelle','Levy',0,'lmarin@laposte.net','+33 (0)5 26 90 06 52',NULL,'94d6d00bac2c4031b71940a02c8e9760e3d6dcbce609884abccd362b','2021-09-05 08:42:41','2021-09-05 08:42:41'),(469,'Georges','Sanchez',0,'margaret88@hotmail.fr','+33 (0)1 42 07 05 30',NULL,'bf8f261f311a79e46ab93f4b45f2daa96ee26e78a19da2fe41ccc059','2021-09-05 08:42:41','2021-09-05 08:42:41'),(470,'Bertrand','Traore',0,'lorraine16@club-internet.fr','08 05 61 15 50',NULL,'fd5b58ad5da059ba60bcb36c950fd05e4fd1f13576c834e83371ae1d','2021-09-05 08:42:41','2021-09-05 08:42:41'),(471,'Danielle','Faivre',0,'zlebrun@sfr.fr','08 00 69 61 16',NULL,'a47b818b7d85f8022d482e84fe88ae12bf01a21e6453f1b4a8f91a02','2021-09-05 08:42:41','2021-09-05 08:42:41'),(472,'Marguerite','Antoine',0,'ccharpentier@tiscali.fr','+33 (0)1 59 08 45 28',NULL,'aa4e426d00b9f8768f33b916917fbb26389e2a6859b5f492c8bbbc52','2021-09-05 08:42:41','2021-09-05 08:42:41'),(473,'Joseph','Lambert',0,'plenoir@ifrance.com','+33 3 85 71 93 06',NULL,'2022d939a63dfd650443db411298995c28bce66c13880a92622bccb0','2021-09-05 08:42:41','2021-09-05 08:42:41'),(474,'Émile','Bourdon',0,'nathalie91@ifrance.com','+33 4 38 45 69 28',NULL,'919c0e7ad8531de58f18694158920170d2a53cd50a03a48d4cfbc871','2021-09-05 08:42:41','2021-09-05 08:42:41'),(475,'Camille','Faure',0,'godardanastasie@noos.fr','0216918148',NULL,'c4308761ae9c16f11a6b823f6c6085a2c3b477a4e80043930ece1de9','2021-09-05 08:42:41','2021-09-05 08:42:41'),(476,'Alexandria','Pineau',0,'nchartier@noos.fr','+33 8 09 54 64 99',NULL,'007b19ff43f2f23d97f151d08df9eb0eacbe171b941f7f5fd25c766c','2021-09-05 08:42:41','2021-09-05 08:42:41'),(477,'Catherine','Albert',0,'thibautchretien@live.com','0299995699',NULL,'970ef56207f1e43ca5a7ce6ad71642771fe79a8dd767bae906819505','2021-09-05 08:42:41','2021-09-05 08:42:41'),(478,'Denise','Giraud',0,'petitjeanbernard@club-internet.fr','+33 5 12 75 21 68',NULL,'41f78e3a8418587166f2dfce8ff8001c973738496b2fdbd303f3792c','2021-09-05 08:42:41','2021-09-05 08:42:41'),(479,'Richard','Voisin',0,'perretlouise@dbmail.com','+33 (0)4 57 02 55 64',NULL,'f63158f445e02b36630bfc8179f9292f739201b52d3e94107925bb00','2021-09-05 08:42:41','2021-09-05 08:42:41'),(480,'Henriette','Petitjean',0,'virginie09@tele2.fr','+33 8 01 44 58 11',NULL,'7a9c92d9c043cadba5f28a44e3884d34db05152e59266d4baa3f78fd','2021-09-05 08:42:41','2021-09-05 08:42:41'),(481,'Alice','Vidal',0,'laetitia07@tiscali.fr','08 00 91 01 37',NULL,'690189823dc83d0d7d1c2a8e8a06232c91d1172b86cc8e2cac7eabd5','2021-09-05 08:42:41','2021-09-05 08:42:41'),(482,'Camille','Martel',0,'nclement@tele2.fr','+33 (0)4 66 80 36 88',NULL,'b614ebb94afb59cd463595ce86c179e4f17f3143fbc5a516fe4af5c4','2021-09-05 08:42:41','2021-09-05 08:42:41'),(483,'Éléonore','Lemaitre',0,'marionstephanie@live.com','06 65 72 34 16',NULL,'a01e8a6743ecdea0c987c7b240d7340f9767c2085ff7dc5f7a44c8e7','2021-09-05 08:42:41','2021-09-05 08:42:41'),(484,'Élise','Guillon',0,'julie24@gmail.com','06 41 74 96 88',NULL,'a4b02dbeaffeb024f82b040a8ecfa684f1eccfcdaf1b39ed9b2934b2','2021-09-05 08:42:41','2021-09-05 08:42:41'),(485,'Stéphanie','Paris',0,'costadiane@dbmail.com','+33 (0)6 76 54 33 29',NULL,'a8641290a9827351f70b72b201210a4a23a74000be129039a5ef4714','2021-09-05 08:42:41','2021-09-05 08:42:41'),(486,'Claudine','Clerc',0,'falexandre@tiscali.fr','0618842765',NULL,'d54e37367b449eed01f789ce2423861b69547456f3457d363d8b6cf1','2021-09-05 08:42:41','2021-09-05 08:42:41'),(487,'Inès','Gauthier',0,'david31@orange.fr','0142310550',NULL,'56070fddade774ff3e0bb0679619876a08cc6e099d1a1cc435397bb8','2021-09-05 08:42:41','2021-09-05 08:42:41'),(488,'Laure','Faivre',0,'erolland@wanadoo.fr','0178468080',NULL,'b6668fcf61678ca2718998e268192399582931a19fea616f5b1fd675','2021-09-05 08:42:41','2021-09-05 08:42:41'),(489,'Laurent','Lefebvre',0,'philippecorinne@tiscali.fr','08 02 27 55 88',NULL,'e245ec5ca7d9feeff1fc0e214fc6375cce24f70d91669473391db057','2021-09-05 08:42:41','2021-09-05 08:42:41'),(490,'Monique','Cordier',0,'timotheebarthelemy@sfr.fr','0229975450',NULL,'cb2fb65846fd49101b615e0a6f38a59e84a6b306484a22de8efc1a85','2021-09-05 08:42:41','2021-09-05 08:42:41'),(491,'Alix','Andre',0,'marechalroland@noos.fr','+33 (0)1 72 98 62 96',NULL,'8ad3e59892a62c502cb2525020713fd6d8135697278ca02f4ded0884','2021-09-05 08:42:41','2021-09-05 08:42:41'),(492,'Gilles','Bazin',0,'arthurschneider@voila.fr','06 55 60 55 72',NULL,'297854afc68feeaaba8e6c935c00d37fde4d63927006a6412566cf21','2021-09-05 08:42:41','2021-09-05 08:42:41'),(493,'Léon','Marchal',0,'gilbertruiz@gmail.com','0805637274',NULL,'3d5c7a1cb97d4fbaac71db051e0338c10a1fd4c3d48ef21b97f37a15','2021-09-05 08:42:41','2021-09-05 08:42:41'),(494,'Célina','Becker',0,'christianenavarro@free.fr','0245572244',NULL,'31bc0de34ede0fecf30536c615a854e37a254a9a4707c61f0198436f','2021-09-05 08:42:41','2021-09-05 08:42:41'),(495,'Lucas','Guillet',0,'dblondel@gmail.com','05 60 51 49 58',NULL,'3113c6219f28fcf067e2c5fd9f336f3f8bcaee89c0fbd76747232e68','2021-09-05 08:42:41','2021-09-05 08:42:41'),(496,'Éric','Schneider',0,'andreepetitjean@tele2.fr','+33 6 70 73 82 20',NULL,'14b4aea203b8869e59125a0c4f5b8ff461cd6383f353803ee1518027','2021-09-05 08:42:41','2021-09-05 08:42:41'),(497,'Pauline','Normand',0,'zacharie16@gmail.com','0586513604',NULL,'569c1ee62143db53d3911e0586d1e3aa2e1e0c039fe8aec6afd58c8d','2021-09-05 08:42:41','2021-09-05 08:42:41'),(498,'Marcel','Lagarde',0,'michelemorin@live.com','+33 5 60 84 93 17',NULL,'60fad5568fd58999c5ab6d1c771e4e15ffeae9d9cc0a9e891ae4f56d','2021-09-05 08:42:41','2021-09-05 08:42:41'),(499,'Aimé','Begue',0,'seguinanais@dbmail.com','04 08 83 46 30',NULL,'7f0a6992aebebc224c3f09c6a5a40abdd2948cdaf5f9f0c386d5d520','2021-09-05 08:42:41','2021-09-05 08:42:41'),(500,'Agnès','Lemaitre',0,'andrepierre@laposte.net','+33 5 52 54 24 77',NULL,'05b21727b06de8285e576463d82165230821137c33bf6ab382834506','2021-09-05 08:42:41','2021-09-05 08:42:41');
/*!40000 ALTER TABLE `users` ENABLE KEYS */;
UNLOCK TABLES;
/*!40103 SET TIME_ZONE=@OLD_TIME_ZONE */;

/*!40101 SET SQL_MODE=@OLD_SQL_MODE */;
/*!40014 SET FOREIGN_KEY_CHECKS=@OLD_FOREIGN_KEY_CHECKS */;
/*!40014 SET UNIQUE_CHECKS=@OLD_UNIQUE_CHECKS */;
/*!40101 SET CHARACTER_SET_CLIENT=@OLD_CHARACTER_SET_CLIENT */;
/*!40101 SET CHARACTER_SET_RESULTS=@OLD_CHARACTER_SET_RESULTS */;
/*!40101 SET COLLATION_CONNECTION=@OLD_COLLATION_CONNECTION */;
/*!40111 SET SQL_NOTES=@OLD_SQL_NOTES */;

-- Dump completed on 2021-09-05 11:00:18
